altitude,site,plot,mountain,label,species,individual,eye,head,leg,scape
1331,PD4,A,main,PD4AAphaenogaster_gibbosa1Eye,Aphaenogaster_gibbosa,1,0.189,1.046,1.04,1.154
1331,PD4,A,main,PD4AAphaenogaster_gibbosa2Eye,Aphaenogaster_gibbosa,2,0.197,1.017,1.074,1.260
1331,PD4,A,main,PD4AAphaenogaster_gibbosa3Eye,Aphaenogaster_gibbosa,3,0.22,1.034,1.078,1.189
1331,PD4,A,main,PD4AAphaenogaster_iberica1Eye,Aphaenogaster_iberica,1,0.186,1.116,1.986,1.403
1331,PD4,A,main,PD4AAphaenogaster_iberica2Eye,Aphaenogaster_iberica,2,0.203,1.028,1.808,1.352
1331,PD4,A,main,PD4AAphaenogaster_iberica3Eye,Aphaenogaster_iberica,3,0.191,1.173,2.023,1.728
1331,PD4,A,main,PD4ACamponotus_aethiops1Eye,Camponotus_aethiops,1,0.344,1.355,2.008,1.867
1331,PD4,A,main,PD4ACamponotus_aethiops2Eye,Camponotus_aethiops,2,0.365,1.333,1.962,1.882
1331,PD4,A,main,PD4ACamponotus_aethiops3Eye,Camponotus_aethiops,3,0.309,1.234,2.093,1.712
1331,PD4,A,main,PD4ACamponotus_piceus1Eye,Camponotus_piceus,1,0.224,0.938,1.091,1.077
1331,PD4,A,main,PD4ACamponotus_piceus2Eye,Camponotus_piceus,2,0.199,0.968,1.091,0.758
1331,PD4,A,main,PD4ACataglyphis_iberica1Eye,Cataglyphis_iberica,1,0.366,1.408,2.275,1.660
1331,PD4,A,main,PD4ACataglyphis_iberica2Eye,Cataglyphis_iberica,2,0.336,1.551,2.176,1.381
1331,PD4,A,main,PD4ACataglyphis_iberica3Eye,Cataglyphis_iberica,3,0.373,1.524,2.38,1.709
1331,PD4,A,main,PD4ACrematogaster_auberti1Eye,Crematogaster_auberti,1,0.202,1.182,0.925,0.918
1331,PD4,A,main,PD4ACrematogaster_auberti2Eye,Crematogaster_auberti,2,0.152,1.094,0.819,0.815
1331,PD4,A,main,PD4ACrematogaster_auberti3Eye,Crematogaster_auberti,3,0.228,1.027,0.716,0.801
1331,PD4,A,main,PD4AGoniomma_hispanicus1Eye,Goniomma_hispanicus,1,0.169,0.913,0.897,0.804
1331,PD4,A,main,PD4AGoniomma_hispanicus2Eye,Goniomma_hispanicus,2,0.168,0.98,0.806,0.665
1331,PD4,A,main,PD4AGoniomma_hispanicus3Eye,Goniomma_hispanicus,3,0.204,0.998,0.866,0.693
1331,PD4,A,main,PD4AIberoformica_subrufa1Eye,Iberoformica_subrufa,1,0.299,1.363,1.998,1.605
1331,PD4,A,main,PD4AIberoformica_subrufa2Eye,Iberoformica_subrufa,2,0.348,1.283,1.928,1.405
1331,PD4,A,main,PD4AMessor_barbarus1Eye,Messor_barbarus,1,0.213,1.229,1.264,1.118
1331,PD4,A,main,PD4AMessor_barbarus2Eye,Messor_barbarus,2,0.178,1.019,1.041,0.950
1331,PD4,A,main,PD4AMessor_bouvieri1Eye,Messor_bouvieri,1,0.189,1.326,1.189,0.998
1331,PD4,A,main,PD4AMessor_bouvieri2Eye,Messor_bouvieri,2,0.255,1.47,1.25,1.102
1331,PD4,A,main,PD4AMessor_bouvieri3Eye,Messor_bouvieri,3,0.2,1.38,1.234,1.225
1331,PD4,A,main,PD4AMessor_capitatus1Eye,Messor_capitatus,1,0.296,2.025,1.572,1.575
1331,PD4,A,main,PD4AMessor_capitatus2Eye,Messor_capitatus,2,0.195,1.169,1.129,1.136
1331,PD4,A,main,PD4AMessor_capitatus3Eye,Messor_capitatus,3,0.203,1.4,1.341,1.122
1331,PD4,A,main,PD4AOxyopomyrmex_saulcyi1Eye,Oxyopomyrmex_saulcyi,1,0.101,0.654,0.493,0.401
1331,PD4,A,main,PD4AOxyopomyrmex_saulcyi2Eye,Oxyopomyrmex_saulcyi,2,0.164,0.675,0.536,0.456
1331,PD4,A,main,PD4AStrongylognathus_testaceus1Eye,Strongylognathus_testaceus,1,0.186,0.81,0.474,0.464
1331,PD4,A,main,PD4AStrongylognathus_testaceus2Eye,Strongylognathus_testaceus,2,0.14,0.802,0.528,0.371
1331,PD4,A,main,PD4AStrongylognathus_testaceus3Eye,Strongylognathus_testaceus,3,0.157,0.806,0.505,0.396
1331,PD4,A,main,PD4ATapinoma_erraticum1Eye,Tapinoma_erraticum,1,0.139,0.7,0.533,0.711
1331,PD4,A,main,PD4ATapinoma_erraticum2Eye,Tapinoma_erraticum,2,0.135,0.865,0.823,0.778
1331,PD4,A,main,PD4ATapinoma_erraticum3Eye,Tapinoma_erraticum,3,0.165,0.782,0.831,0.790
1331,PD4,A,main,PD4ATapinoma_madeirense1Eye,Tapinoma_madeirense,1,0.163,0.68,0.726,0.581
1331,PD4,A,main,PD4ATapinoma_nigerrimum1Eye,Tapinoma_nigerrimum,1,0.151,0.791,0.72,0.793
1331,PD4,A,main,PD4ATapinoma_nigerrimum2Eye,Tapinoma_nigerrimum,2,0.144,0.785,0.771,0.731
1331,PD4,A,main,PD4ATapinoma_nigerrimum3Eye,Tapinoma_nigerrimum,3,0.171,0.897,0.852,0.474
1331,PD4,A,main,PD4ATetramorium_caespitum1Eye,Tetramorium_caespitum,1,0.086,0.66,0.438,0.283
1331,PD4,A,main,PD4ATetramorium_caespitum2Eye,Tetramorium_caespitum,2,0.091,0.702,0.509,0.465
1331,PD4,A,main,PD4ATetramorium_caespitum3Eye,Tetramorium_caespitum,3,0.088,0.697,0.477,0.488
1331,PD4,B,main,PD4BAphaenogaster_gibbosa1Eye,Aphaenogaster_gibbosa,1,0.19,0.927,1.073,1.141
1331,PD4,B,main,PD4BAphaenogaster_gibbosa2Eye,Aphaenogaster_gibbosa,2,0.168,0.886,0.942,1.014
1331,PD4,B,main,PD4BAphaenogaster_gibbosa3Eye,Aphaenogaster_gibbosa,3,0.214,1.057,1.188,1.175
1331,PD4,B,main,PD4BAphaenogaster_iberica1Eye,Aphaenogaster_iberica,1,0.195,1.103,1.734,1.678
1331,PD4,B,main,PD4BAphaenogaster_iberica2Eye,Aphaenogaster_iberica,2,0.199,0.941,1.815,1.668
1331,PD4,B,main,PD4BAphaenogaster_iberica3Eye,Aphaenogaster_iberica,3,0.207,1.04,1.859,1.623
1331,PD4,B,main,PD4BCamponotus_aethiops1Eye,Camponotus_aethiops,1,0.313,1.242,2.054,1.848
1331,PD4,B,main,PD4BCamponotus_aethiops2Eye,Camponotus_aethiops,2,0.402,1.824,2.197,1.917
1331,PD4,B,main,PD4BCamponotus_aethiops3Eye,Camponotus_aethiops,3,0.392,1.546,2.215,1.898
1331,PD4,B,main,PD4BCataglyphis_iberica1Eye,Cataglyphis_iberica,1,0.43,1.722,2.261,1.721
1331,PD4,B,main,PD4BCataglyphis_iberica2Eye,Cataglyphis_iberica,2,0.358,1.437,2.26,1.320
1331,PD4,B,main,PD4BCataglyphis_iberica3Eye,Cataglyphis_iberica,3,0.335,1.234,1.961,1.508
1331,PD4,B,main,PD4BCrematogaster_auberti1Eye,Crematogaster_auberti,1,0.175,0.948,0.742,0.804
1331,PD4,B,main,PD4BCrematogaster_auberti2Eye,Crematogaster_auberti,2,0.186,0.952,0.661,0.647
1331,PD4,B,main,PD4BCrematogaster_auberti3Eye,Crematogaster_auberti,3,0.21,1.022,0.879,0.764
1331,PD4,B,main,PD4BFormica_rufibarbis1Eye,Formica_rufibarbis,1,0.364,1.563,2.025,1.424
1331,PD4,B,main,PD4BIberoformica_subrufa1Eye,Iberoformica_subrufa,1,0.329,1.187,1.471,1.378
1331,PD4,B,main,PD4BIberoformica_subrufa2Eye,Iberoformica_subrufa,2,0.31,1.099,1.541,1.330
1331,PD4,B,main,PD4BIberoformica_subrufa3Eye,Iberoformica_subrufa,3,0.285,1.111,1.525,1.299
1331,PD4,B,main,PD4BMessor_barbarus1Eye,Messor_barbarus,1,0.263,1.725,1.576,1.536
1331,PD4,B,main,PD4BMessor_barbarus2Eye,Messor_barbarus,2,0.337,2.377,1.926,1.714
1331,PD4,B,main,PD4BMessor_bouvieri1Eye,Messor_bouvieri,1,0.256,1.355,1.359,1.128
1331,PD4,B,main,PD4BMessor_capitatus1Eye,Messor_capitatus,1,0.199,1.169,1.212,0.989
1331,PD4,B,main,PD4BMessor_capitatus2Eye,Messor_capitatus,2,0.224,1.167,1.143,1.043
1331,PD4,B,main,PD4BMessor_capitatus3Eye,Messor_capitatus,3,0.186,1.166,1.176,1.137
1331,PD4,B,main,PD4BStrongylognathus_testaceus1Eye,Strongylognathus_testaceus,1,0.2,0.794,0.535,0.422
1331,PD4,B,main,PD4BStrongylognathus_testaceus2Eye,Strongylognathus_testaceus,2,0.14,0.779,0.549,0.427
1331,PD4,B,main,PD4BStrongylognathus_testaceus3Eye,Strongylognathus_testaceus,3,0.143,0.747,0.545,0.410
1331,PD4,B,main,PD4BTemnothorax_alfacarensis1Eye,Temnothorax_alfacarensis,1,0.134,0.523,0.37,0.400
1331,PD4,B,main,PD4BTetramorium_caespitum1Eye,Tetramorium_caespitum,1,0.081,0.668,0.453,0.476
1331,PD4,B,main,PD4BTetramorium_caespitum2Eye,Tetramorium_caespitum,2,0.09,0.696,0.456,0.509
1331,PD4,B,main,PD4BTetramorium_caespitum3Eye,Tetramorium_caespitum,3,0.089,0.684,0.455,0.531
1331,PD4,B,main,PD4BTetramorium_forte1Eye,Tetramorium_forte,1,0.088,0.747,0.521,0.430
1331,PD4,B,main,PD4BTetramorium_forte2Eye,Tetramorium_forte,2,0.144,0.738,0.53,0.569
1331,PD4,B,main,PD4BTetramorium_forte3Eye,Tetramorium_forte,3,0.106,0.709,0.513,0.488
1331,PD4,C,main,PD4CAphaenogaster_gibbosa1Eye,Aphaenogaster_gibbosa,1,0.172,1.049,1.147,1.359
1331,PD4,C,main,PD4CAphaenogaster_gibbosa2Eye,Aphaenogaster_gibbosa,2,0.183,1.19,1.274,1.335
1331,PD4,C,main,PD4CAphaenogaster_gibbosa3Eye,Aphaenogaster_gibbosa,3,0.17,1.083,1.095,1.330
1331,PD4,C,main,PD4CAphaenogaster_iberica1Eye,Aphaenogaster_iberica,1,0.187,1.13,1.923,1.815
1331,PD4,C,main,PD4CAphaenogaster_iberica2Eye,Aphaenogaster_iberica,2,0.19,1.049,1.976,1.740
1331,PD4,C,main,PD4CAphaenogaster_iberica3Eye,Aphaenogaster_iberica,3,0.202,1.143,1.94,1.838
1331,PD4,C,main,PD4CCamponotus_aethiops1Eye,Camponotus_aethiops,1,0.32,1.325,1.986,1.693
1331,PD4,C,main,PD4CCamponotus_piceus1Eye,Camponotus_piceus,1,0.245,1.017,1.126,1.110
1331,PD4,C,main,PD4CCataglyphis_iberica1Eye,Cataglyphis_iberica,1,0.33,1.391,2.331,1.620
1331,PD4,C,main,PD4CCataglyphis_iberica2Eye,Cataglyphis_iberica,2,0.314,1.276,2.016,1.414
1331,PD4,C,main,PD4CCataglyphis_iberica3Eye,Cataglyphis_iberica,3,0.339,1.347,2.054,1.640
1331,PD4,C,main,PD4CCrematogaster_auberti1Eye,Crematogaster_auberti,1,0.151,1.022,0.762,0.813
1331,PD4,C,main,PD4CCrematogaster_auberti2Eye,Crematogaster_auberti,2,0.216,1.169,1.091,1.057
1331,PD4,C,main,PD4CCrematogaster_auberti3Eye,Crematogaster_auberti,3,0.184,0.875,0.724,0.733
1331,PD4,C,main,PD4CGoniomma_hispanicus1Eye,Goniomma_hispanicus,1,0.171,0.978,0.821,0.728
1331,PD4,C,main,PD4CGoniomma_hispanicus2Eye,Goniomma_hispanicus,2,0.189,1.04,0.889,0.708
1331,PD4,C,main,PD4CGoniomma_hispanicus3Eye,Goniomma_hispanicus,3,0.12,0.709,0.712,0.686
1331,PD4,C,main,PD4CLasius_piliferus1Eye,Lasius_piliferus,1,0.139,0.717,0.708,0.684
1331,PD4,C,main,PD4CMessor_barbarus1Eye,Messor_barbarus,1,0.221,1.144,1.052,1.002
1331,PD4,C,main,PD4CMessor_bouvieri1Eye,Messor_bouvieri,1,0.233,1.384,1.267,1.269
1331,PD4,C,main,PD4CMessor_bouvieri2Eye,Messor_bouvieri,2,0.209,1.136,1.002,1.127
1331,PD4,C,main,PD4CMessor_bouvieri3Eye,Messor_bouvieri,3,0.221,1.21,1.163,1.142
1331,PD4,C,main,PD4CMessor_capitatus1Eye,Messor_capitatus,1,0.231,1.184,1.158,1.117
1331,PD4,C,main,PD4CMessor_capitatus2Eye,Messor_capitatus,2,0.315,1.842,1.722,1.601
1331,PD4,C,main,PD4CMessor_capitatus3Eye,Messor_capitatus,3,0.374,2.922,2.139,2.153
1331,PD4,C,main,PD4COxyopomyrmex_saulcyi1Eye,Oxyopomyrmex_saulcyi,1,0.161,0.781,0.689,0.658
1331,PD4,C,main,PD4COxyopomyrmex_saulcyi2Eye,Oxyopomyrmex_saulcyi,2,0.121,0.74,0.622,0.589
1331,PD4,C,main,PD4COxyopomyrmex_saulcyi3Eye,Oxyopomyrmex_saulcyi,3,0.136,0.828,0.652,0.642
1331,PD4,C,main,PD4CSolenopsis_sp1Eye,Solenopsis_sp,1,0.023,0.366,0.309,0.292
1331,PD4,C,main,PD4CStrongylognathus_testaceus1Eye,Strongylognathus_testaceus,1,0.185,0.732,0.517,0.440
1331,PD4,C,main,PD4CStrongylognathus_testaceus2Eye,Strongylognathus_testaceus,2,0.186,0.8,0.497,0.401
1331,PD4,C,main,PD4CStrongylognathus_testaceus3Eye,Strongylognathus_testaceus,3,0.167,0.787,0.528,0.303
1331,PD4,C,main,PD4CTapinoma_madeirense1Eye,Tapinoma_madeirense,1,0.155,0.61,0.703,0.743
1331,PD4,C,main,PD4CTapinoma_madeirense2Eye,Tapinoma_madeirense,2,0.166,0.603,0.626,0.722
1331,PD4,C,main,PD4CTapinoma_madeirense3Eye,Tapinoma_madeirense,3,0.154,0.668,0.616,0.724
1331,PD4,C,main,PD4CTetramorium_caespitum1Eye,Tetramorium_caespitum,1,0.114,0.611,0.453,0.450
1331,PD4,C,main,PD4CTetramorium_caespitum2Eye,Tetramorium_caespitum,2,0.113,0.689,0.476,0.507
1331,PD4,C,main,PD4CTetramorium_caespitum3Eye,Tetramorium_caespitum,3,0.095,0.765,0.558,0.518
1786,PD6,A,main,PD6AFormica_cunicularia1Eye,Formica_cunicularia,1,0.28,1.282,1.732,1.273
1786,PD6,A,main,PD6AFormica_cunicularia2Eye,Formica_cunicularia,2,0.31,1.09,1.548,1.212
1786,PD6,A,main,PD6AFormica_cunicularia3Eye,Formica_cunicularia,3,0.35,1.28,1.68,1.120
1786,PD6,A,main,PD6ALasius_piliferus1Eye,Lasius_piliferus,1,0.124,0.807,0.737,0.700
1786,PD6,A,main,PD6ALasius_piliferus2Eye,Lasius_piliferus,2,0.138,0.987,0.92,0.859
1786,PD6,A,main,PD6ALasius_piliferus3Eye,Lasius_piliferus,3,0.127,0.809,0.791,0.743
1786,PD6,A,main,PD6ATetramorium_caespitum1Eye,Tetramorium_caespitum,1,0.123,0.747,0.55,0.533
1786,PD6,A,main,PD6ATetramorium_caespitum2Eye,Tetramorium_caespitum,2,0.098,0.719,0.524,0.501
1786,PD6,A,main,PD6ATetramorium_caespitum3Eye,Tetramorium_caespitum,3,0.094,0.805,0.547,0.504
1786,PD6,B,main,PD6BFormica_cunicularia1Eye,Formica_cunicularia,1,0.252,0.985,1.428,1.211
1786,PD6,B,main,PD6BFormica_cunicularia2Eye,Formica_cunicularia,2,0.258,0.917,1.281,1.120
1786,PD6,B,main,PD6BFormica_cunicularia3Eye,Formica_cunicularia,3,0.3,1.139,1.624,1.337
1786,PD6,B,main,PD6BLasius_piliferus1Eye,Lasius_piliferus,1,0.151,0.704,0.767,0.747
1786,PD6,B,main,PD6BLasius_piliferus2Eye,Lasius_piliferus,2,0.142,0.751,0.745,0.631
1786,PD6,B,main,PD6BLasius_piliferus3Eye,Lasius_piliferus,3,0.134,0.791,0.75,0.675
1786,PD6,B,main,PD6BTetramorium_caespitum1Eye,Tetramorium_caespitum,1,0.104,0.714,0.48,0.538
1786,PD6,B,main,PD6BTetramorium_caespitum2Eye,Tetramorium_caespitum,2,0.084,0.674,0.478,0.509
1786,PD6,B,main,PD6BTetramorium_caespitum3Eye,Tetramorium_caespitum,3,0.088,0.662,0.445,0.433
1786,PD6,C,main,PD6CFormica_cunicularia1Eye,Formica_cunicularia,1,0.32,1.237,1.583,1.446
1786,PD6,C,main,PD6CFormica_cunicularia2Eye,Formica_cunicularia,2,0.287,1.057,1.441,1.157
1786,PD6,C,main,PD6CLasius_piliferus1Eye,Lasius_piliferus,1,0.149,0.828,0.695,0.781
1786,PD6,C,main,PD6CLasius_piliferus2Eye,Lasius_piliferus,2,0.141,0.711,0.714,0.753
1786,PD6,C,main,PD6CLasius_piliferus3Eye,Lasius_piliferus,3,0.124,0.71,0.728,0.670
1786,PD6,C,main,PD6CMyrmica_aloba1Eye,Myrmica_aloba,1,0.177,1.077,0.815,0.747
1786,PD6,C,main,PD6CMyrmica_aloba2Eye,Myrmica_aloba,2,0.145,0.936,0.73,0.742
1786,PD6,C,main,PD6CMyrmica_aloba3Eye,Myrmica_aloba,3,0.152,1.065,0.741,0.889
1786,PD6,C,main,PD6CTetramorium_caespitum1Eye,Tetramorium_caespitum,1,0.107,0.685,0.502,0.482
1786,PD6,C,main,PD6CTetramorium_caespitum2Eye,Tetramorium_caespitum,2,0.086,0.629,0.416,0.448
1786,PD6,C,main,PD6CTetramorium_caespitum3Eye,Tetramorium_caespitum,3,0.097,0.699,0.514,0.516
2352,PD9,A,main,PD9AFormica_fusca1Eye,Formica_fusca,1,0.302,1.463,1.767,1.536
2352,PD9,A,main,PD9AFormica_fusca2Eye,Formica_fusca,2,0.363,1.414,1.887,1.622
2352,PD9,A,main,PD9AFormica_fusca3Eye,Formica_fusca,3,0.312,1.362,1.955,1.495
2352,PD9,A,main,PD9ATetramorium_caespitum1Eye,Tetramorium_caespitum,1,0.077,0.647,0.49,0.417
2352,PD9,A,main,PD9ATetramorium_caespitum2Eye,Tetramorium_caespitum,2,0.085,0.694,0.501,0.483
2352,PD9,A,main,PD9ATetramorium_caespitum3Eye,Tetramorium_caespitum,3,0.082,0.709,0.419,0.512
2352,PD9,B,main,PD9BFormica_fusca1Eye,Formica_fusca,1,0.312,1.185,1.513,1.423
2352,PD9,B,main,PD9BFormica_fusca2Eye,Formica_fusca,2,0.35,1.443,1.866,1.610
2352,PD9,B,main,PD9BFormica_fusca3Eye,Formica_fusca,3,0.268,1.161,1.49,1.153
2352,PD9,B,main,PD9BLasius_flavus1Eye,Lasius_flavus,1,0.058,0.707,0.591,0.614
2352,PD9,B,main,PD9BMyrmica_xavieri1Eye,Myrmica_xavieri,1,0.179,0.947,0.812,0.911
2352,PD9,B,main,PD9BMyrmica_xavieri2Eye,Myrmica_xavieri,2,0.171,0.97,0.757,0.784
2352,PD9,B,main,PD9BMyrmica_xavieri3Eye,Myrmica_xavieri,3,0.179,0.961,0.743,0.841
2352,PD9,B,main,PD9BTetramorium_caespitum1Eye,Tetramorium_caespitum,1,0.088,0.562,0.435,0.426
2352,PD9,B,main,PD9BTetramorium_caespitum2Eye,Tetramorium_caespitum,2,0.089,0.638,0.43,0.499
2352,PD9,B,main,PD9BTetramorium_caespitum3Eye,Tetramorium_caespitum,3,0.108,0.673,0.474,0.498
2352,PD9,C,main,PD9CFormica_fusca1Eye,Formica_fusca,1,0.318,1.257,1.76,1.485
2352,PD9,C,main,PD9CFormica_fusca2Eye,Formica_fusca,2,0.319,1.256,1.499,1.204
2352,PD9,C,main,PD9CFormica_fusca3Eye,Formica_fusca,3,0.293,1.079,1.439,1.304
2352,PD9,C,main,PD9CLasius_flavus1Eye,Lasius_flavus,1,0.079,0.678,0.688,0.621
2352,PD9,C,main,PD9CLasius_flavus2Eye,Lasius_flavus,2,0.077,0.644,0.541,0.591
2352,PD9,C,main,PD9CLasius_flavus3Eye,Lasius_flavus,3,0.043,0.6,0.466,0.586
2352,PD9,C,main,PD9CStrongylognathus_testaceus1Eye,Strongylognathus_testaceus,1,0.16,0.786,0.487,0.338
2352,PD9,C,main,PD9CTemnothorax_ibericus1Eye,Temnothorax_ibericus,1,0.079,0.475,0.398,0.391
2352,PD9,C,main,PD9CTemnothorax_ibericus2Eye,Temnothorax_ibericus,2,0.115,0.581,0.471,0.419
2352,PD9,C,main,PD9CTetramorium_caespitum1Eye,Tetramorium_caespitum,1,0.089,0.545,0.415,0.423
2352,PD9,C,main,PD9CTetramorium_caespitum2Eye,Tetramorium_caespitum,2,0.08,0.597,0.421,0.427
2352,PD9,C,main,PD9CTetramorium_caespitum3Eye,Tetramorium_caespitum,3,0.075,0.682,0.475,0.493
680,PE1,A,east,PE1AAphaenogaster_senilis1Eye,Aphaenogaster_senilis,1,0.173,1.187,1.746,0.872
680,PE1,A,east,PE1AAphaenogaster_senilis2Eye,Aphaenogaster_senilis,2,0.209,1.188,1.98,1.825
680,PE1,A,east,PE1AAphaenogaster_senilis3Eye,Aphaenogaster_senilis,3,0.19,1.24,1.936,1.579
680,PE1,A,east,PE1ACamponotus_foreli1Eye,Camponotus_foreli,1,0.291,1.247,1.845,1.537
680,PE1,A,east,PE1ACamponotus_foreli2Eye,Camponotus_foreli,2,0.265,0.995,1.608,1.563
680,PE1,A,east,PE1ACamponotus_foreli3Eye,Camponotus_foreli,3,0.225,1.088,1.639,1.489
680,PE1,A,east,PE1ACataglyphis_iberica1Eye,Cataglyphis_iberica,1,0.317,1.341,2.126,1.640
680,PE1,A,east,PE1ACataglyphis_iberica2Eye,Cataglyphis_iberica,2,0.349,1.42,2.256,1.647
680,PE1,A,east,PE1ACataglyphis_iberica3Eye,Cataglyphis_iberica,3,0.366,1.453,2.161,1.716
680,PE1,A,east,PE1ACrematogaster_auberti1Eye,Crematogaster_auberti,1,0.165,1.027,0.733,0.876
680,PE1,A,east,PE1ACrematogaster_auberti2Eye,Crematogaster_auberti,2,0.19,1.118,0.827,0.857
680,PE1,A,east,PE1ACrematogaster_auberti3Eye,Crematogaster_auberti,3,0.178,1.16,0.796,0.860
680,PE1,A,east,PE1AMessor_barbarus1Eye,Messor_barbarus,1,0.247,1.579,1.548,1.256
680,PE1,A,east,PE1AMessor_barbarus2Eye,Messor_barbarus,2,0.189,1.238,1.311,1.195
680,PE1,A,east,PE1AMessor_barbarus3Eye,Messor_barbarus,3,0.232,1.82,1.661,1.528
680,PE1,A,east,PE1AMessor_hispanicus1Eye,Messor_hispanicus,1,0.188,1.235,1.297,0.886
680,PE1,A,east,PE1AMessor_hispanicus2Eye,Messor_hispanicus,2,0.205,1.298,1.355,1.053
680,PE1,A,east,PE1AMessor_hispanicus3Eye,Messor_hispanicus,3,0.231,1.348,1.255,1.097
680,PE1,A,east,PE1AProformica_nasuta1Eye,Proformica_nasuta,1,0.277,0.982,1.169,0.738
680,PE1,A,east,PE1AProformica_nasuta2Eye,Proformica_nasuta,2,0.173,0.607,0.825,0.764
680,PE1,A,east,PE1AProformica_nasuta3Eye,Proformica_nasuta,3,0.182,0.624,0.92,0.737
680,PE1,A,east,PE1ATetramorium_caespitum1Eye,Tetramorium_caespitum,1,0.107,0.623,0.392,0.496
680,PE1,A,east,PE1ATetramorium_caespitum2Eye,Tetramorium_caespitum,2,0.095,0.697,0.483,0.546
680,PE1,A,east,PE1ATetramorium_caespitum3Eye,Tetramorium_caespitum,3,0.101,0.647,0.421,0.460
680,PE1,B,east,PE1BAphaenogaster_senilis1Eye,Aphaenogaster_senilis,1,0.147,1.083,1.991,1.654
680,PE1,B,east,PE1BAphaenogaster_senilis2Eye,Aphaenogaster_senilis,2,0.216,1.248,1.935,1.724
680,PE1,B,east,PE1BAphaenogaster_senilis3Eye,Aphaenogaster_senilis,3,0.219,1.208,1.862,1.588
680,PE1,B,east,PE1BCamponotus_aethiops1Eye,Camponotus_aethiops,1,0.264,1.196,2.091,1.741
680,PE1,B,east,PE1BCamponotus_foreli1Eye,Camponotus_foreli,1,0.268,1.06,1.83,1.577
680,PE1,B,east,PE1BCamponotus_foreli2Eye,Camponotus_foreli,2,0.24,0.942,1.456,1.489
680,PE1,B,east,PE1BCamponotus_foreli3Eye,Camponotus_foreli,3,0.324,1.135,1.834,1.692
680,PE1,B,east,PE1BCataglyphis_iberica1Eye,Cataglyphis_iberica,1,0.338,1.468,2.261,1.540
680,PE1,B,east,PE1BCataglyphis_iberica2Eye,Cataglyphis_iberica,2,0.332,1.341,2.118,1.498
680,PE1,B,east,PE1BCataglyphis_iberica3Eye,Cataglyphis_iberica,3,0.349,1.348,2.14,1.654
680,PE1,B,east,PE1BCrematogaster_auberti1Eye,Crematogaster_auberti,1,0.208,0.934,0.716,0.632
680,PE1,B,east,PE1BCrematogaster_auberti2Eye,Crematogaster_auberti,2,0.209,0.978,0.743,0.775
680,PE1,B,east,PE1BCrematogaster_auberti3Eye,Crematogaster_auberti,3,0.177,0.876,0.648,0.722
680,PE1,B,east,PE1BMessor_barbarus1Eye,Messor_barbarus,1,0.199,1.217,1.17,1.091
680,PE1,B,east,PE1BMessor_barbarus2Eye,Messor_barbarus,2,0.186,1.032,0.999,0.954
680,PE1,B,east,PE1BMessor_barbarus3Eye,Messor_barbarus,3,0.445,2.914,1.852,2.085
680,PE1,B,east,PE1BMessor_bouvieri1Eye,Messor_bouvieri,1,0.214,1.179,1.133,0.905
680,PE1,B,east,PE1BMessor_bouvieri2Eye,Messor_bouvieri,2,0.24,1.207,1.336,1.123
680,PE1,B,east,PE1BMessor_bouvieri3Eye,Messor_bouvieri,3,0.213,1.138,1.242,1.051
680,PE1,B,east,PE1BMessor_hispanicus1Eye,Messor_hispanicus,1,0.184,1.455,1.261,1.147
680,PE1,B,east,PE1BMessor_hispanicus2Eye,Messor_hispanicus,2,0.232,1.313,1.188,0.980
680,PE1,B,east,PE1BMessor_hispanicus3Eye,Messor_hispanicus,3,0.211,1.141,1.27,1.147
680,PE1,B,east,PE1BProformica_nasuta1Eye,Proformica_nasuta,1,0.202,0.631,0.869,0.609
680,PE1,B,east,PE1BProformica_nasuta2Eye,Proformica_nasuta,2,0.202,0.568,0.898,0.757
680,PE1,B,east,PE1BProformica_nasuta3Eye,Proformica_nasuta,3,0.216,0.669,0.938,0.810
680,PE1,B,east,PE1BSolenopsis_sp1Eye,Solenopsis_sp,1,0.056,0.509,0.34,0.378
680,PE1,B,east,PE1BSolenopsis_sp2Eye,Solenopsis_sp,2,0.037,0.406,0.276,0.340
680,PE1,B,east,PE1BSolenopsis_sp3Eye,Solenopsis_sp,3,0.041,0.41,0.243,0.331
680,PE1,B,east,PE1BTetramorium_caespitum1Eye,Tetramorium_caespitum,1,0.11,0.615,0.417,0.381
680,PE1,B,east,PE1BTetramorium_caespitum2Eye,Tetramorium_caespitum,2,0.11,0.566,0.387,0.442
680,PE1,B,east,PE1BTetramorium_caespitum3Eye,Tetramorium_caespitum,3,0.073,0.606,0.35,0.359
680,PE1,C,east,PE1CAphaenogaster_senilis1Eye,Aphaenogaster_senilis,1,0.19,1.169,1.848,1.784
680,PE1,C,east,PE1CAphaenogaster_senilis2Eye,Aphaenogaster_senilis,2,0.217,1.201,1.913,1.940
680,PE1,C,east,PE1CAphaenogaster_senilis3Eye,Aphaenogaster_senilis,3,0.197,1.179,1.859,1.730
680,PE1,C,east,PE1CCamponotus_cruentatus1Eye,Camponotus_cruentatus,1,0.484,2.727,3.472,3.048
680,PE1,C,east,PE1CCamponotus_cruentatus2Eye,Camponotus_cruentatus,2,0.486,2.377,3.423,2.829
680,PE1,C,east,PE1CCamponotus_cruentatus3Eye,Camponotus_cruentatus,3,0.451,2.455,3.664,3.491
680,PE1,C,east,PE1CCamponotus_foreli1Eye,Camponotus_foreli,1,0.246,1.011,1.605,1.605
680,PE1,C,east,PE1CCamponotus_foreli2Eye,Camponotus_foreli,2,0.297,1.083,1.671,1.591
680,PE1,C,east,PE1CCamponotus_foreli3Eye,Camponotus_foreli,3,0.312,1.158,1.874,1.200
680,PE1,C,east,PE1CCataglyphis_iberica1Eye,Cataglyphis_iberica,1,0.3,1.469,2.437,1.749
680,PE1,C,east,PE1CCataglyphis_iberica2Eye,Cataglyphis_iberica,2,0.343,1.394,2.029,1.519
680,PE1,C,east,PE1CCataglyphis_iberica3Eye,Cataglyphis_iberica,3,0.328,1.5,2.257,1.748
680,PE1,C,east,PE1CCrematogaster_auberti1Eye,Crematogaster_auberti,1,0.176,1.119,0.76,0.854
680,PE1,C,east,PE1CCrematogaster_auberti2Eye,Crematogaster_auberti,2,0.186,1.068,0.766,0.781
680,PE1,C,east,PE1CCrematogaster_auberti3Eye,Crematogaster_auberti,3,0.187,0.921,0.708,0.637
680,PE1,C,east,PE1CMessor_barbarus1Eye,Messor_barbarus,1,0.159,0.914,1.094,0.896
680,PE1,C,east,PE1CMessor_barbarus2Eye,Messor_barbarus,2,0.242,1.543,1.311,1.119
680,PE1,C,east,PE1CMessor_barbarus3Eye,Messor_barbarus,3,0.267,1.375,1.327,1.189
680,PE1,C,east,PE1CMessor_hispanicus1Eye,Messor_hispanicus,1,0.281,1.529,1.486,1.213
680,PE1,C,east,PE1CMessor_hispanicus2Eye,Messor_hispanicus,2,0.199,1.113,1.227,0.865
680,PE1,C,east,PE1CMessor_hispanicus3Eye,Messor_hispanicus,3,0.155,1,1.028,0.783
680,PE1,C,east,PE1CProformica_nasuta1Eye,Proformica_nasuta,1,0.167,0.706,1.044,0.776
680,PE1,C,east,PE1CProformica_nasuta2Eye,Proformica_nasuta,2,0.178,0.645,1.017,0.789
680,PE1,C,east,PE1CProformica_nasuta3Eye,Proformica_nasuta,3,0.183,0.636,1.011,0.838
680,PE1,C,east,PE1CTetramorium_caespitum1Eye,Tetramorium_caespitum,1,0.114,0.638,0.384,0.459
680,PE1,C,east,PE1CTetramorium_forte1Eye,Tetramorium_forte,1,0.121,0.84,0.569,0.612
680,PE1,C,east,PE1CTetramorium_forte2Eye,Tetramorium_forte,2,0.1,0.811,0.561,0.585
680,PE1,C,east,PE1CTetramorium_forte3Eye,Tetramorium_forte,3,0.129,0.743,0.535,0.561
1070,PE2,A,east,PE2AAphaenogaster_gibbosa1Eye,Aphaenogaster_gibbosa,1,0.152,0.884,1.003,1.142
1070,PE2,A,east,PE2AAphaenogaster_gibbosa2Eye,Aphaenogaster_gibbosa,2,0.169,0.898,1.049,1.075
1070,PE2,A,east,PE2AAphaenogaster_gibbosa3Eye,Aphaenogaster_gibbosa,3,0.186,0.9,1.016,1.144
1070,PE2,A,east,PE2AAphaenogaster_iberica1Eye,Aphaenogaster_iberica,1,0.209,1.086,2.195,1.700
1070,PE2,A,east,PE2AAphaenogaster_iberica2Eye,Aphaenogaster_iberica,2,0.183,1.048,1.79,1.680
1070,PE2,A,east,PE2AAphaenogaster_iberica3Eye,Aphaenogaster_iberica,3,0.147,1.102,1.956,1.703
1070,PE2,A,east,PE2ACamponotus_cruentatus1Eye,Camponotus_cruentatus,1,0.485,2.919,3.769,2.793
1070,PE2,A,east,PE2ACamponotus_pilicornis1Eye,Camponotus_pilicornis,1,0.379,1.549,3.14,1.916
1070,PE2,A,east,PE2ACamponotus_pilicornis2Eye,Camponotus_pilicornis,2,0.616,3.214,3.559,3.384
1070,PE2,A,east,PE2ACamponotus_pilicornis3Eye,Camponotus_pilicornis,3,0.294,1.836,3.328,2.819
1070,PE2,A,east,PE2ACataglyphis_iberica1Eye,Cataglyphis_iberica,1,0.292,1.307,2.04,1.611
1070,PE2,A,east,PE2ACataglyphis_iberica2Eye,Cataglyphis_iberica,2,0.303,1.174,1.86,1.476
1070,PE2,A,east,PE2ACataglyphis_iberica3Eye,Cataglyphis_iberica,3,0.357,1.446,2.226,1.702
1070,PE2,A,east,PE2ACrematogaster_auberti1Eye,Crematogaster_auberti,1,0.212,0.972,0.697,0.750
1070,PE2,A,east,PE2ACrematogaster_auberti2Eye,Crematogaster_auberti,2,0.16,0.904,0.688,0.641
1070,PE2,A,east,PE2AFormica_rufibarbis1Eye,Formica_rufibarbis,1,0.299,0.928,1.357,1.128
1070,PE2,A,east,PE2AFormica_rufibarbis2Eye,Formica_rufibarbis,2,0.316,1.052,1.414,1.431
1070,PE2,A,east,PE2AFormica_rufibarbis3Eye,Formica_rufibarbis,3,0.279,0.982,1.303,1.305
1070,PE2,A,east,PE2ALasius_grandis1Eye,Lasius_grandis,1,0.184,1.129,1.238,1.166
1070,PE2,A,east,PE2AMessor_barbarus1Eye,Messor_barbarus,1,0.191,1.028,0.968,1.050
1070,PE2,A,east,PE2AMessor_barbarus2Eye,Messor_barbarus,2,0.172,1.219,1.224,1.163
1070,PE2,A,east,PE2AMessor_barbarus3Eye,Messor_barbarus,3,0.204,1.247,1.372,1.280
1070,PE2,A,east,PE2AMessor_hispanicus1Eye,Messor_hispanicus,1,0.276,1.444,1.396,1.357
1070,PE2,A,east,PE2AMessor_hispanicus2Eye,Messor_hispanicus,2,0.224,1.457,1.38,1.260
1070,PE2,A,east,PE2AMessor_hispanicus3Eye,Messor_hispanicus,3,0.229,1.335,1.308,1.289
1070,PE2,A,east,PE2AOxyopomyrmex_saulcyi1Eye,Oxyopomyrmex_saulcyi,1,0.137,0.681,0.498,0.437
1070,PE2,A,east,PE2AOxyopomyrmex_saulcyi2Eye,Oxyopomyrmex_saulcyi,2,0.147,0.629,0.491,0.458
1070,PE2,A,east,PE2AOxyopomyrmex_saulcyi3Eye,Oxyopomyrmex_saulcyi,3,0.155,0.611,0.444,0.400
1070,PE2,A,east,PE2ATapinoma_erraticum1Eye,Tapinoma_erraticum,1,0.126,0.627,0.643,0.669
1070,PE2,A,east,PE2ATapinoma_erraticum2Eye,Tapinoma_erraticum,2,0.15,0.634,0.608,0.562
1070,PE2,A,east,PE2ATapinoma_erraticum3Eye,Tapinoma_erraticum,3,0.143,0.62,0.573,0.633
1070,PE2,A,east,PE2ATapinoma_madeirense1Eye,Tapinoma_madeirense,1,0.129,0.562,0.541,0.598
1070,PE2,A,east,PE2ATapinoma_madeirense2Eye,Tapinoma_madeirense,2,0.148,0.594,0.611,0.731
1070,PE2,A,east,PE2ATapinoma_madeirense3Eye,Tapinoma_madeirense,3,0.135,0.646,0.61,0.642
1070,PE2,A,east,PE2ATapinoma_nigerrimum1Eye,Tapinoma_nigerrimum,1,0.195,1.223,1.069,1.100
1070,PE2,A,east,PE2ATapinoma_nigerrimum2Eye,Tapinoma_nigerrimum,2,0.171,0.665,0.632,0.761
1070,PE2,A,east,PE2ATapinoma_nigerrimum3Eye,Tapinoma_nigerrimum,3,0.149,0.63,0.613,0.708
1070,PE2,A,east,PE2ATetramorium_forte1Eye,Tetramorium_forte,1,0.115,0.779,0.551,0.556
1070,PE2,A,east,PE2ATetramorium_forte2Eye,Tetramorium_forte,2,0.093,0.781,0.534,0.572
1070,PE2,A,east,PE2ATetramorium_forte3Eye,Tetramorium_forte,3,0.094,0.763,0.509,0.591
1070,PE2,B,east,PE2BAphaenogaster_gibbosa1Eye,Aphaenogaster_gibbosa,1,0.21,1.099,1.094,1.307
1070,PE2,B,east,PE2BAphaenogaster_gibbosa2Eye,Aphaenogaster_gibbosa,2,0.223,1.145,1.272,1.167
1070,PE2,B,east,PE2BAphaenogaster_gibbosa3Eye,Aphaenogaster_gibbosa,3,0.151,0.81,0.925,1.015
1070,PE2,B,east,PE2BAphaenogaster_iberica1Eye,Aphaenogaster_iberica,1,0.206,1.013,1.971,1.797
1070,PE2,B,east,PE2BAphaenogaster_iberica2Eye,Aphaenogaster_iberica,2,0.171,1.07,2.006,1.783
1070,PE2,B,east,PE2BAphaenogaster_iberica3Eye,Aphaenogaster_iberica,3,0.19,0.949,1.918,1.359
1070,PE2,B,east,PE2BCamponotus_cruentatus1Eye,Camponotus_cruentatus,1,0.413,1.672,2.971,1.868
1070,PE2,B,east,PE2BCamponotus_cruentatus2Eye,Camponotus_cruentatus,2,0.55,2.978,3.494,2.850
1070,PE2,B,east,PE2BCamponotus_cruentatus3Eye,Camponotus_cruentatus,3,0.391,1.619,2.982,2.612
1070,PE2,B,east,PE2BCataglyphis_iberica1Eye,Cataglyphis_iberica,1,0.393,1.398,2,1.647
1070,PE2,B,east,PE2BCataglyphis_iberica2Eye,Cataglyphis_iberica,2,0.361,1.622,2.208,1.973
1070,PE2,B,east,PE2BCataglyphis_iberica3Eye,Cataglyphis_iberica,3,0.343,1.318,2.185,1.572
1070,PE2,B,east,PE2BCrematogaster_auberti1Eye,Crematogaster_auberti,1,0.125,0.656,0.512,0.595
1070,PE2,B,east,PE2BCrematogaster_auberti2Eye,Crematogaster_auberti,2,0.187,1.02,0.781,0.765
1070,PE2,B,east,PE2BCrematogaster_auberti3Eye,Crematogaster_auberti,3,0.161,0.969,0.75,0.789
1070,PE2,B,east,PE2BFormica_cunicularia1Eye,Formica_cunicularia,1,0.327,1.067,1.587,1.311
1070,PE2,B,east,PE2BFormica_cunicularia2Eye,Formica_cunicularia,2,0.338,1.083,1.528,1.158
1070,PE2,B,east,PE2BFormica_cunicularia3Eye,Formica_cunicularia,3,0.313,1.138,1.582,1.389
1070,PE2,B,east,PE2BFormica_rufibarbis1Eye,Formica_rufibarbis,1,0.336,1.095,1.452,1.322
1070,PE2,B,east,PE2BFormica_rufibarbis2Eye,Formica_rufibarbis,2,0.335,1.083,1.414,1.185
1070,PE2,B,east,PE2BFormica_rufibarbis3Eye,Formica_rufibarbis,3,0.265,1.133,1.502,1.254
1070,PE2,B,east,PE2BLasius_grandis1Eye,Lasius_grandis,1,0.171,1.028,0.825,0.950
1070,PE2,B,east,PE2BMessor_capitatus1Eye,Messor_capitatus,1,0.223,1.068,1.105,1.082
1070,PE2,B,east,PE2BMessor_capitatus2Eye,Messor_capitatus,2,0.248,1.521,1.431,1.475
1070,PE2,B,east,PE2BMessor_capitatus3Eye,Messor_capitatus,3,0.237,1.448,1.432,1.390
1070,PE2,B,east,PE2BTapinoma_madeirense1Eye,Tapinoma_madeirense,1,0.139,0.606,0.592,0.585
1070,PE2,B,east,PE2BTapinoma_madeirense2Eye,Tapinoma_madeirense,2,0.165,0.747,0.661,0.759
1070,PE2,B,east,PE2BTapinoma_madeirense3Eye,Tapinoma_madeirense,3,0.141,0.674,0.652,0.730
1070,PE2,B,east,PE2BTetramorium_forte1Eye,Tetramorium_forte,1,0.12,0.732,0.501,0.569
1070,PE2,B,east,PE2BTetramorium_forte2Eye,Tetramorium_forte,2,0.119,0.832,0.561,0.631
1070,PE2,B,east,PE2BTetramorium_forte3Eye,Tetramorium_forte,3,0.119,0.788,0.544,0.611
1070,PE2,C,east,PE2CAphaenogaster_iberica1Eye,Aphaenogaster_iberica,1,0.232,1.151,2.089,1.882
1070,PE2,C,east,PE2CAphaenogaster_iberica2Eye,Aphaenogaster_iberica,2,0.206,1.114,1.884,1.666
1070,PE2,C,east,PE2CAphaenogaster_iberica3Eye,Aphaenogaster_iberica,3,0.232,1.149,2.085,1.900
1070,PE2,C,east,PE2CCamponotus_cruentatus1Eye,Camponotus_cruentatus,1,0.448,1.905,3.118,2.649
1070,PE2,C,east,PE2CCamponotus_cruentatus2Eye,Camponotus_cruentatus,2,0.534,2.741,3.436,3.076
1070,PE2,C,east,PE2CCamponotus_cruentatus3Eye,Camponotus_cruentatus,3,0.608,3.191,3.695,3.428
1070,PE2,C,east,PE2CCataglyphis_iberica1Eye,Cataglyphis_iberica,1,0.376,1.367,2.267,1.713
1070,PE2,C,east,PE2CCataglyphis_iberica2Eye,Cataglyphis_iberica,2,0.372,1.558,2.518,1.944
1070,PE2,C,east,PE2CCataglyphis_iberica3Eye,Cataglyphis_iberica,3,0.332,1.319,2.096,1.646
1070,PE2,C,east,PE2CIberoformica_subrufa1Eye,Iberoformica_subrufa,1,0.333,1.095,1.568,1.107
1070,PE2,C,east,PE2CLasius_grandis1Eye,Lasius_grandis,1,0.205,1.069,1.164,0.813
1070,PE2,C,east,PE2CTetramorium_forte1Eye,Tetramorium_forte,1,0.075,0.746,0.517,0.635
1070,PE2,C,east,PE2CTetramorium_forte2Eye,Tetramorium_forte,2,0.089,0.739,0.517,0.582
1070,PE2,C,east,PE2CTetramorium_forte3Eye,Tetramorium_forte,3,0.109,0.761,0.515,0.543
1380,PE3,A,east,PE3AAphaenogaster_gibbosa1Eye,Aphaenogaster_gibbosa,1,0.184,1.04,1.095,1.189
1380,PE3,A,east,PE3AAphaenogaster_gibbosa2Eye,Aphaenogaster_gibbosa,2,0.181,0.873,1.021,1.137
1380,PE3,A,east,PE3AAphaenogaster_gibbosa3Eye,Aphaenogaster_gibbosa,3,0.148,0.77,0.933,1.052
1380,PE3,A,east,PE3AAphaenogaster_iberica1Eye,Aphaenogaster_iberica,1,0.205,1.074,1.885,1.748
1380,PE3,A,east,PE3AAphaenogaster_iberica2Eye,Aphaenogaster_iberica,2,0.197,1.092,2.005,1.740
1380,PE3,A,east,PE3AAphaenogaster_iberica3Eye,Aphaenogaster_iberica,3,0.243,1.124,2.037,1.784
1380,PE3,A,east,PE3ACataglyphis_iberica1Eye,Cataglyphis_iberica,1,0.36,1.627,2.718,1.737
1380,PE3,A,east,PE3ACataglyphis_iberica2Eye,Cataglyphis_iberica,2,0.303,1.481,2.387,1.698
1380,PE3,A,east,PE3ACataglyphis_iberica3Eye,Cataglyphis_iberica,3,0.338,1.143,1.995,1.408
1380,PE3,A,east,PE3AFormica_rufibarbis1Eye,Formica_rufibarbis,1,0.361,1.613,1.934,1.523
1380,PE3,A,east,PE3AFormica_rufibarbis2Eye,Formica_rufibarbis,2,0.34,1.28,1.772,1.394
1380,PE3,A,east,PE3AFormica_rufibarbis3Eye,Formica_rufibarbis,3,0.364,1.341,1.755,1.450
1380,PE3,A,east,PE3ALasius_grandis1Eye,Lasius_grandis,1,0.206,1.034,1.165,1.085
1380,PE3,A,east,PE3ALasius_grandis2Eye,Lasius_grandis,2,0.2,1.029,1.023,1.082
1380,PE3,A,east,PE3ALasius_grandis3Eye,Lasius_grandis,3,0.202,0.96,1.093,1.080
1380,PE3,A,east,PE3AMessor_barbarus1Eye,Messor_barbarus,1,0.259,2.125,1.674,1.270
1380,PE3,A,east,PE3AMessor_barbarus2Eye,Messor_barbarus,2,0.19,1.201,1.28,1.182
1380,PE3,A,east,PE3AMessor_barbarus3Eye,Messor_barbarus,3,0.205,1.349,1.415,1.264
1380,PE3,A,east,PE3AMessor_capitatus1Eye,Messor_capitatus,1,0.245,1.636,1.559,1.669
1380,PE3,A,east,PE3AMessor_capitatus2Eye,Messor_capitatus,2,0.277,1.778,1.528,1.302
1380,PE3,A,east,PE3AMessor_capitatus3Eye,Messor_capitatus,3,0.231,1.551,1.474,1.483
1380,PE3,A,east,PE3ATapinoma_madeirense1Eye,Tapinoma_madeirense,1,0.13,0.581,0.618,0.649
1380,PE3,A,east,PE3ATapinoma_madeirense2Eye,Tapinoma_madeirense,2,0.143,0.565,0.636,0.662
1380,PE3,A,east,PE3ATapinoma_madeirense3Eye,Tapinoma_madeirense,3,0.152,0.639,0.679,0.738
1380,PE3,A,east,PE3ATemnothorax_ibericus1Eye,Temnothorax_ibericus,1,0.115,0.511,0.38,0.387
1380,PE3,A,east,PE3ATetramorium_caespitum1Eye,Tetramorium_caespitum,1,0.088,0.606,0.431,0.422
1380,PE3,A,east,PE3ATetramorium_caespitum2Eye,Tetramorium_caespitum,2,0.135,0.674,0.477,0.477
1380,PE3,A,east,PE3ATetramorium_caespitum3Eye,Tetramorium_caespitum,3,0.086,0.581,0.474,0.428
1380,PE3,B,east,PE3BAphaenogaster_iberica1Eye,Aphaenogaster_iberica,1,0.185,0.965,1.746,1.779
1380,PE3,B,east,PE3BAphaenogaster_iberica2Eye,Aphaenogaster_iberica,2,0.184,1.052,1.778,1.737
1380,PE3,B,east,PE3BAphaenogaster_iberica3Eye,Aphaenogaster_iberica,3,0.157,1.11,1.947,1.808
1380,PE3,B,east,PE3BCataglyphis_iberica1Eye,Cataglyphis_iberica,1,0.307,1.491,2.203,1.579
1380,PE3,B,east,PE3BCataglyphis_iberica2Eye,Cataglyphis_iberica,2,0.393,1.72,2.243,1.871
1380,PE3,B,east,PE3BCataglyphis_iberica3Eye,Cataglyphis_iberica,3,0.337,1.254,1.969,1.348
1380,PE3,B,east,PE3BFormica_rufibarbis1Eye,Formica_rufibarbis,1,0.352,1.317,1.755,1.422
1380,PE3,B,east,PE3BFormica_rufibarbis2Eye,Formica_rufibarbis,2,0.317,1.428,1.9,1.593
1380,PE3,B,east,PE3BFormica_rufibarbis3Eye,Formica_rufibarbis,3,0.308,1.316,1.685,1.404
1380,PE3,B,east,PE3BLasius_piliferus1Eye,Lasius_piliferus,1,0.191,1.019,1.082,1.016
1380,PE3,B,east,PE3BLasius_piliferus2Eye,Lasius_piliferus,2,0.194,0.929,0.973,1.092
1380,PE3,B,east,PE3BMessor_capitatus1Eye,Messor_capitatus,1,0.209,1.381,1.415,1.255
1380,PE3,B,east,PE3BMessor_capitatus2Eye,Messor_capitatus,2,0.169,1.375,1.307,1.228
1380,PE3,B,east,PE3BMessor_capitatus3Eye,Messor_capitatus,3,0.271,2.094,1.731,1.586
1380,PE3,B,east,PE3BTapinoma_erraticum1Eye,Tapinoma_erraticum,1,0.137,0.643,0.596,0.552
1380,PE3,B,east,PE3BTapinoma_erraticum2Eye,Tapinoma_erraticum,2,0.127,0.661,0.689,0.710
1380,PE3,B,east,PE3BTapinoma_erraticum3Eye,Tapinoma_erraticum,3,0.123,0.559,0.62,0.679
1380,PE3,B,east,PE3BTemnothorax_alfacarensis1Eye,Temnothorax_alfacarensis,1,0.086,0.457,0.356,0.385
1380,PE3,B,east,PE3BTemnothorax_alfacarensis2Eye,Temnothorax_alfacarensis,2,0.101,0.46,0.373,0.416
1380,PE3,B,east,PE3BTemnothorax_alfacarensis3Eye,Temnothorax_alfacarensis,3,0.127,0.47,0.349,0.413
1380,PE3,B,east,PE3BTetramorium_caespitum1Eye,Tetramorium_caespitum,1,0.106,0.772,0.549,0.546
1380,PE3,B,east,PE3BTetramorium_caespitum2Eye,Tetramorium_caespitum,2,0.114,0.612,0.399,0.460
1380,PE3,B,east,PE3BTetramorium_caespitum3Eye,Tetramorium_caespitum,3,0.08,0.73,0.446,0.524
1380,PE3,B,east,PE3BTetramorium_forte1Eye,Tetramorium_forte,1,0.086,0.714,0.479,0.553
1380,PE3,B,east,PE3BTetramorium_forte2Eye,Tetramorium_forte,2,0.103,0.7,0.478,0.579
1380,PE3,B,east,PE3BTetramorium_forte3Eye,Tetramorium_forte,3,0.109,0.789,0.606,0.595
1380,PE3,C,east,PE3CAphaenogaster_gibbosa1Eye,Aphaenogaster_gibbosa,1,0.168,1.01,1.027,1.217
1380,PE3,C,east,PE3CAphaenogaster_gibbosa2Eye,Aphaenogaster_gibbosa,2,0.171,0.883,0.952,1.178
1380,PE3,C,east,PE3CAphaenogaster_gibbosa3Eye,Aphaenogaster_gibbosa,3,0.191,1.02,0.92,0.996
1380,PE3,C,east,PE3CAphaenogaster_iberica1Eye,Aphaenogaster_iberica,1,0.193,1.061,1.756,1.734
1380,PE3,C,east,PE3CAphaenogaster_iberica2Eye,Aphaenogaster_iberica,2,0.187,1.14,1.917,1.624
1380,PE3,C,east,PE3CAphaenogaster_iberica3Eye,Aphaenogaster_iberica,3,0.19,0.996,1.792,1.702
1380,PE3,C,east,PE3CCamponotus_aethiops1Eye,Camponotus_aethiops,1,0.329,1.161,1.833,1.485
1380,PE3,C,east,PE3CCamponotus_aethiops2Eye,Camponotus_aethiops,2,0.338,1.157,1.819,1.453
1380,PE3,C,east,PE3CCamponotus_aethiops3Eye,Camponotus_aethiops,3,0.291,1.183,1.88,1.509
1380,PE3,C,east,PE3CCataglyphis_iberica1Eye,Cataglyphis_iberica,1,0.411,1.73,2.444,1.923
1380,PE3,C,east,PE3CCataglyphis_iberica2Eye,Cataglyphis_iberica,2,0.377,1.644,2.339,1.546
1380,PE3,C,east,PE3CCataglyphis_iberica3Eye,Cataglyphis_iberica,3,0.401,1.721,2.397,1.295
1380,PE3,C,east,PE3CFormica_fusca1Eye,Formica_fusca,1,0.307,1.07,1.329,1.365
1380,PE3,C,east,PE3CFormica_rufibarbis1Eye,Formica_rufibarbis,1,0.328,1.554,2.016,1.453
1380,PE3,C,east,PE3CFormica_rufibarbis2Eye,Formica_rufibarbis,2,0.331,1.328,1.827,1.344
1380,PE3,C,east,PE3CFormica_rufibarbis3Eye,Formica_rufibarbis,3,0.347,1.582,1.853,1.266
1380,PE3,C,east,PE3CLasius_flavus1Eye,Lasius_flavus,1,0.141,0.804,0.646,0.615
1380,PE3,C,east,PE3CLasius_piliferus1Eye,Lasius_piliferus,1,0.148,0.771,0.762,0.600
1380,PE3,C,east,PE3CLasius_piliferus2Eye,Lasius_piliferus,2,0.109,0.657,0.682,0.692
1380,PE3,C,east,PE3CLasius_piliferus3Eye,Lasius_piliferus,3,0.183,0.817,0.738,0.830
1380,PE3,C,east,PE3CMessor_capitatus1Eye,Messor_capitatus,1,0.246,1.706,1.434,1.459
1380,PE3,C,east,PE3CMessor_capitatus2Eye,Messor_capitatus,2,0.24,1.591,1.546,1.592
1380,PE3,C,east,PE3CMessor_capitatus3Eye,Messor_capitatus,3,0.228,1.531,1.481,1.505
1380,PE3,C,east,PE3CTapinoma_erraticum1Eye,Tapinoma_erraticum,1,0.11,0.561,0.506,0.587
1380,PE3,C,east,PE3CTapinoma_erraticum2Eye,Tapinoma_erraticum,2,0.143,0.703,0.654,0.688
1380,PE3,C,east,PE3CTapinoma_erraticum3Eye,Tapinoma_erraticum,3,0.137,0.616,0.567,0.684
1380,PE3,C,east,PE3CTemnothorax_ibericus1Eye,Temnothorax_ibericus,1,0.132,0.495,0.397,0.364
1380,PE3,C,east,PE3CTemnothorax_ibericus2Eye,Temnothorax_ibericus,2,0.071,0.498,0.344,0.411
1380,PE3,C,east,PE3CTemnothorax_ibericus3Eye,Temnothorax_ibericus,3,0.095,0.512,0.374,0.469
1380,PE3,C,east,PE3CTetramorium_caespitum1Eye,Tetramorium_caespitum,1,0.089,0.7,0.499,0.531
1380,PE3,C,east,PE3CTetramorium_caespitum2Eye,Tetramorium_caespitum,2,0.091,0.615,0.416,0.443
1380,PE3,C,east,PE3CTetramorium_caespitum3Eye,Tetramorium_caespitum,3,0.106,0.671,0.422,0.515
1720,PE4,A,east,PE4AProformica_nasuta1Eye,Proformica_nasuta,1,0.2,0.75,1.096,0.835
1720,PE4,A,east,PE4AProformica_nasuta2Eye,Proformica_nasuta,2,0.151,0.573,0.965,0.756
1720,PE4,A,east,PE4AProformica_nasuta3Eye,Proformica_nasuta,3,0.145,0.568,0.899,0.726
1720,PE4,A,east,PE4ATetramorium_caespitum1Eye,Tetramorium_caespitum,1,0.11,0.743,0.554,0.524
1720,PE4,A,east,PE4ATetramorium_caespitum2Eye,Tetramorium_caespitum,2,0.119,0.688,0.506,0.505
1720,PE4,A,east,PE4ATetramorium_caespitum3Eye,Tetramorium_caespitum,3,0.096,0.676,0.576,0.596
1720,PE4,B,east,PE4BLasius_piliferus1Eye,Lasius_piliferus,1,0.152,0.771,0.722,0.687
1720,PE4,B,east,PE4BLasius_piliferus2Eye,Lasius_piliferus,2,0.11,0.741,0.745,0.742
1720,PE4,B,east,PE4BLasius_piliferus3Eye,Lasius_piliferus,3,0.084,0.799,0.801,0.758
1720,PE4,B,east,PE4BProformica_nasuta1Eye,Proformica_nasuta,1,0.231,0.948,1.266,0.970
1720,PE4,B,east,PE4BProformica_nasuta2Eye,Proformica_nasuta,2,0.189,0.679,1.059,0.770
1720,PE4,B,east,PE4BProformica_nasuta3Eye,Proformica_nasuta,3,0.205,0.865,1.186,0.570
1720,PE4,B,east,PE4BTetramorium_caespitum1Eye,Tetramorium_caespitum,1,0.087,0.621,0.436,0.476
1720,PE4,B,east,PE4BTetramorium_caespitum2Eye,Tetramorium_caespitum,2,0.107,0.595,0.452,0.470
1720,PE4,B,east,PE4BTetramorium_caespitum3Eye,Tetramorium_caespitum,3,0.08,0.56,0.37,0.403
1720,PE4,C,east,PE4CLasius_piliferus1Eye,Lasius_piliferus,1,0.167,0.832,0.819,0.778
1720,PE4,C,east,PE4CLasius_piliferus2Eye,Lasius_piliferus,2,0.17,0.754,0.769,0.695
1720,PE4,C,east,PE4CLasius_piliferus3Eye,Lasius_piliferus,3,0.146,0.574,0.592,0.608
1720,PE4,C,east,PE4CProformica_nasuta1Eye,Proformica_nasuta,1,0.218,0.695,1.054,0.693
1720,PE4,C,east,PE4CProformica_nasuta2Eye,Proformica_nasuta,2,0.168,0.517,0.8,0.677
1720,PE4,C,east,PE4CProformica_nasuta3Eye,Proformica_nasuta,3,0.169,0.589,0.883,0.788
1720,PE4,C,east,PE4CTetramorium_caespitum1Eye,Tetramorium_caespitum,1,0.083,0.561,0.361,0.411
1720,PE4,C,east,PE4CTetramorium_caespitum2Eye,Tetramorium_caespitum,2,0.105,0.67,0.479,0.499
1720,PE4,C,east,PE4CTetramorium_caespitum3Eye,Tetramorium_caespitum,3,0.084,0.622,0.454,0.515
2015,PE5,A,east,PE5AProformica_nasuta1Eye,Proformica_nasuta,1,0.177,0.673,1.012,0.841
2015,PE5,A,east,PE5AProformica_nasuta2Eye,Proformica_nasuta,2,0.201,0.65,0.967,0.833
2015,PE5,A,east,PE5AProformica_nasuta3Eye,Proformica_nasuta,3,0.199,0.768,1.07,0.784
2015,PE5,A,east,PE5ATapinoma_madeirense1Eye,Tapinoma_madeirense,1,0.152,0.602,0.562,0.573
2015,PE5,A,east,PE5ATapinoma_madeirense2Eye,Tapinoma_madeirense,2,0.126,0.608,0.601,0.613
2015,PE5,A,east,PE5ATapinoma_madeirense3Eye,Tapinoma_madeirense,3,0.151,0.584,0.522,0.598
2015,PE5,A,east,PE5ATetramorium_caespitum1Eye,Tetramorium_caespitum,1,0.096,0.622,0.443,0.512
2015,PE5,A,east,PE5ATetramorium_caespitum2Eye,Tetramorium_caespitum,2,0.099,0.631,0.491,0.482
2015,PE5,A,east,PE5ATetramorium_caespitum3Eye,Tetramorium_caespitum,3,0.107,0.693,0.475,0.539
2015,PE5,B,east,PE5BProformica_nasuta1Eye,Proformica_nasuta,1,0.229,0.868,1.191,0.808
2015,PE5,B,east,PE5BProformica_nasuta2Eye,Proformica_nasuta,2,0.181,0.645,0.88,0.770
2015,PE5,B,east,PE5BProformica_nasuta3Eye,Proformica_nasuta,3,0.182,0.846,1.165,0.887
2015,PE5,B,east,PE5BStrongylognathus_testaceus1Eye,Strongylognathus_testaceus,1,0.167,0.729,0.473,0.476
2015,PE5,B,east,PE5BTapinoma_erraticum1Eye,Tapinoma_erraticum,1,0.16,0.654,0.609,0.619
2015,PE5,B,east,PE5BTapinoma_erraticum2Eye,Tapinoma_erraticum,2,0.14,0.534,0.499,0.625
2015,PE5,B,east,PE5BTetramorium_caespitum1Eye,Tetramorium_caespitum,1,0.093,0.625,0.421,0.448
2015,PE5,B,east,PE5BTetramorium_caespitum2Eye,Tetramorium_caespitum,2,0.112,0.642,0.465,0.521
2015,PE5,B,east,PE5BTetramorium_caespitum3Eye,Tetramorium_caespitum,3,0.085,0.597,0.435,0.492
2015,PE5,C,east,PE5CFormica_fusca1Eye,Formica_fusca,1,0.315,1.167,1.433,1.292
2015,PE5,C,east,PE5CFormica_fusca2Eye,Formica_fusca,2,0.28,1.13,1.464,1.424
2015,PE5,C,east,PE5CProformica_nasuta1Eye,Proformica_nasuta,1,0.211,0.895,1.125,1.019
2015,PE5,C,east,PE5CProformica_nasuta2Eye,Proformica_nasuta,2,0.175,0.549,0.81,0.641
2015,PE5,C,east,PE5CProformica_nasuta3Eye,Proformica_nasuta,3,0.184,0.603,0.953,0.696
2015,PE5,C,east,PE5CTapinoma_erraticum1Eye,Tapinoma_erraticum,1,0.129,0.649,0.585,0.681
2015,PE5,C,east,PE5CTapinoma_erraticum2Eye,Tapinoma_erraticum,2,0.128,0.542,0.526,0.660
2015,PE5,C,east,PE5CTetramorium_caespitum1Eye,Tetramorium_caespitum,1,0.087,0.663,0.506,0.485
2015,PE5,C,east,PE5CTetramorium_caespitum2Eye,Tetramorium_caespitum,2,0.086,0.614,0.467,0.488
2015,PE5,C,east,PE5CTetramorium_caespitum3Eye,Tetramorium_caespitum,3,0.107,0.61,0.413,0.515
2210,PE6,A,east,PE6ATetramorium_caespitum1Eye,Tetramorium_caespitum,1,0.091,0.701,0.493,0.387
2210,PE6,A,east,PE6ATetramorium_caespitum2Eye,Tetramorium_caespitum,2,0.088,0.576,0.434,0.459
2210,PE6,A,east,PE6ATetramorium_caespitum3Eye,Tetramorium_caespitum,3,0.1,0.64,0.461,0.445
2210,PE6,B,east,PE6BTetramorium_caespitum1Eye,Tetramorium_caespitum,1,0.075,0.655,0.434,0.355
2210,PE6,B,east,PE6BTetramorium_caespitum2Eye,Tetramorium_caespitum,2,0.098,0.651,0.451,0.483
2210,PE6,B,east,PE6BTetramorium_caespitum3Eye,Tetramorium_caespitum,3,0.098,0.628,0.437,0.444
2210,PE6,C,east,PE6CMyrmica_xavieri1Eye,Myrmica_xavieri,1,0.194,1.03,0.706,0.752
2210,PE6,C,east,PE6CMyrmica_xavieri2Eye,Myrmica_xavieri,2,0.192,1.005,0.788,0.924
2210,PE6,C,east,PE6CMyrmica_xavieri3Eye,Myrmica_xavieri,3,0.167,0.957,0.758,0.812
2210,PE6,C,east,PE6CTetramorium_caespitum1Eye,Tetramorium_caespitum,1,0.091,0.568,0.359,0.498
2210,PE6,C,east,PE6CTetramorium_caespitum2Eye,Tetramorium_caespitum,2,0.092,0.643,0.462,0.470
2210,PE6,C,east,PE6CTetramorium_caespitum3Eye,Tetramorium_caespitum,3,0.099,0.63,0.463,0.470
640,PO1,A,west,PO1AAphaenogaster_senilis1Eye,Aphaenogaster_senilis,1,0.209,1.246,1.868,1.807
640,PO1,A,west,PO1AAphaenogaster_senilis2Eye,Aphaenogaster_senilis,2,0.197,1.112,1.827,1.758
640,PO1,A,west,PO1ACamponotus_aethiops1Eye,Camponotus_aethiops,1,0.303,1.196,2.023,1.713
640,PO1,A,west,PO1ACamponotus_aethiops2Eye,Camponotus_aethiops,2,0.288,1.135,1.884,1.627
640,PO1,A,west,PO1ACamponotus_aethiops3Eye,Camponotus_aethiops,3,0.265,1.07,1.831,1.518
640,PO1,A,west,PO1ACamponotus_foreli1Eye,Camponotus_foreli,1,0.246,0.98,1.473,1.371
640,PO1,A,west,PO1ACataglyphis_iberica1Eye,Cataglyphis_iberica,1,0.374,1.275,2.013,1.622
640,PO1,A,west,PO1ACataglyphis_iberica2Eye,Cataglyphis_iberica,2,0.329,1.392,1.984,1.479
640,PO1,A,west,PO1ACataglyphis_iberica3Eye,Cataglyphis_iberica,3,0.318,1.141,2.009,1.478
640,PO1,A,west,PO1ACrematogaster_auberti1Eye,Crematogaster_auberti,1,0.175,0.968,0.684,0.778
640,PO1,A,west,PO1ACrematogaster_auberti2Eye,Crematogaster_auberti,2,0.158,1.035,0.74,0.741
640,PO1,A,west,PO1ACrematogaster_auberti3Eye,Crematogaster_auberti,3,0.186,1.004,0.794,0.690
640,PO1,A,west,PO1AMessor_barbarus1Eye,Messor_barbarus,1,0.212,1.209,1.179,1.147
640,PO1,A,west,PO1AMessor_barbarus2Eye,Messor_barbarus,2,0.213,1.341,1.351,1.135
640,PO1,A,west,PO1AMessor_barbarus3Eye,Messor_barbarus,3,0.3,2.366,1.809,1.524
640,PO1,A,west,PO1AMessor_bouvieri1Eye,Messor_bouvieri,1,0.2,1.123,1.081,0.926
640,PO1,A,west,PO1AMessor_bouvieri2Eye,Messor_bouvieri,2,0.172,1.081,0.934,0.847
640,PO1,A,west,PO1AMessor_bouvieri3Eye,Messor_bouvieri,3,0.196,1.097,1.035,0.951
640,PO1,A,west,PO1AProformica_nasuta1Eye,Proformica_nasuta,1,0.147,0.545,0.837,0.630
640,PO1,A,west,PO1AProformica_nasuta2Eye,Proformica_nasuta,2,0.196,0.643,0.984,0.749
640,PO1,A,west,PO1AProformica_nasuta3Eye,Proformica_nasuta,3,0.192,0.672,1.097,0.752
640,PO1,A,west,PO1ATapinoma_erraticum1Eye,Tapinoma_erraticum,1,0.153,0.695,0.676,0.647
640,PO1,A,west,PO1ATapinoma_erraticum2Eye,Tapinoma_erraticum,2,0.115,0.582,0.629,0.630
640,PO1,A,west,PO1ATapinoma_erraticum3Eye,Tapinoma_erraticum,3,0.128,0.652,0.68,0.645
640,PO1,A,west,PO1ATapinoma_nigerrimum1Eye,Tapinoma_nigerrimum,1,0.113,0.583,0.666,0.576
640,PO1,A,west,PO1ATapinoma_nigerrimum2Eye,Tapinoma_nigerrimum,2,0.118,0.659,0.669,0.564
640,PO1,A,west,PO1ATapinoma_nigerrimum3Eye,Tapinoma_nigerrimum,3,0.14,0.578,0.656,0.671
640,PO1,A,west,PO1ATetramorium_caespitum1Eye,Tetramorium_caespitum,1,0.087,0.648,0.408,0.399
640,PO1,B,west,PO1BAphaenogaster_senilis1Eye,Aphaenogaster_senilis,1,0.269,1.225,1.932,1.563
640,PO1,B,west,PO1BAphaenogaster_senilis2Eye,Aphaenogaster_senilis,2,0.23,1.287,1.923,1.785
640,PO1,B,west,PO1BAphaenogaster_senilis3Eye,Aphaenogaster_senilis,3,0.21,1.129,1.78,1.818
640,PO1,B,west,PO1BCamponotus_aethiops1Eye,Camponotus_aethiops,1,0.356,1.311,2.287,1.632
640,PO1,B,west,PO1BCamponotus_aethiops2Eye,Camponotus_aethiops,2,0.299,1.208,2.164,1.762
640,PO1,B,west,PO1BCamponotus_aethiops3Eye,Camponotus_aethiops,3,0.25,1.062,1.885,1.647
640,PO1,B,west,PO1BCataglyphis_iberica1Eye,Cataglyphis_iberica,1,0.314,1.595,2.334,1.642
640,PO1,B,west,PO1BCataglyphis_iberica2Eye,Cataglyphis_iberica,2,0.335,1.537,2.458,1.782
640,PO1,B,west,PO1BCataglyphis_iberica3Eye,Cataglyphis_iberica,3,0.334,1.48,2.294,1.708
640,PO1,B,west,PO1BCrematogaster_auberti1Eye,Crematogaster_auberti,1,0.184,1.035,0.797,0.806
640,PO1,B,west,PO1BCrematogaster_auberti2Eye,Crematogaster_auberti,2,0.187,0.975,0.72,0.793
640,PO1,B,west,PO1BCrematogaster_auberti3Eye,Crematogaster_auberti,3,0.175,0.969,0.823,0.797
640,PO1,B,west,PO1BMessor_barbarus1Eye,Messor_barbarus,1,0.219,1.02,1.037,0.920
640,PO1,B,west,PO1BMessor_barbarus2Eye,Messor_barbarus,2,0.352,2.47,1.823,1.851
640,PO1,B,west,PO1BMessor_barbarus3Eye,Messor_barbarus,3,0.22,1.206,1.085,1.184
640,PO1,B,west,PO1BMessor_bouvieri1Eye,Messor_bouvieri,1,0.172,0.975,0.919,0.821
640,PO1,B,west,PO1BMessor_bouvieri2Eye,Messor_bouvieri,2,0.259,1.489,1.348,1.187
640,PO1,B,west,PO1BMessor_bouvieri3Eye,Messor_bouvieri,3,0.209,1.075,1.008,0.962
640,PO1,B,west,PO1BMessor_hispanicus1Eye,Messor_hispanicus,1,0.2,1.122,1.154,0.943
640,PO1,B,west,PO1BProformica_nasuta1Eye,Proformica_nasuta,1,0.238,0.705,0.986,0.834
640,PO1,B,west,PO1BProformica_nasuta2Eye,Proformica_nasuta,2,0.21,0.655,1.091,0.896
640,PO1,B,west,PO1BSolenopsis_sp2Eye,Solenopsis_sp,1,0.04,0.401,0.278,0.335
640,PO1,B,west,PO1BTapinoma_erraticum1Eye,Tapinoma_erraticum,1,0.161,0.819,0.779,0.781
640,PO1,B,west,PO1BTapinoma_erraticum2Eye,Tapinoma_erraticum,2,0.174,0.75,0.736,0.768
640,PO1,B,west,PO1BTetramorium_caespitum1Eye,Tetramorium_caespitum,1,0.123,0.704,0.423,0.479
640,PO1,B,west,PO1BTetramorium_caespitum2Eye,Tetramorium_caespitum,2,0.112,0.647,0.378,0.436
640,PO1,B,west,PO1BTetramorium_caespitum3Eye,Tetramorium_caespitum,3,0.139,0.641,0.417,0.41
640,PO1,C,west,PO1CAphaenogaster_gibbosa1Eye,Aphaenogaster_gibbosa,1,0.166,0.926,0.736,0.749
640,PO1,C,west,PO1CAphaenogaster_gibbosa2Eye,Aphaenogaster_gibbosa,2,0.169,0.747,0.627,0.724
640,PO1,C,west,PO1CAphaenogaster_senilis1Eye,Aphaenogaster_senilis,1,0.203,1.059,1.87,1.437
640,PO1,C,west,PO1CAphaenogaster_senilis2Eye,Aphaenogaster_senilis,2,0.166,1.058,1.783,1.682
640,PO1,C,west,PO1CAphaenogaster_senilis3Eye,Aphaenogaster_senilis,3,0.253,1.153,1.862,1.768
640,PO1,C,west,PO1CCamponotus_aethiops1Eye,Camponotus_aethiops,1,0.275,1.054,1.955,1.705
640,PO1,C,west,PO1CCamponotus_aethiops2Eye,Camponotus_aethiops,2,0.313,1.154,1.872,1.701
640,PO1,C,west,PO1CCamponotus_aethiops3Eye,Camponotus_aethiops,3,0.349,1.424,2.081,1.719
640,PO1,C,west,PO1CCamponotus_foreli1Eye,Camponotus_foreli,1,0.294,1.168,1.942,1.629
640,PO1,C,west,PO1CCataglyphis_iberica1Eye,Cataglyphis_iberica,1,0.284,1.384,2.209,1.608
640,PO1,C,west,PO1CCataglyphis_iberica2Eye,Cataglyphis_iberica,2,0.322,1.322,2.226,1.589
640,PO1,C,west,PO1CCataglyphis_iberica3Eye,Cataglyphis_iberica,3,0.241,1.105,1.975,1.129
640,PO1,C,west,PO1CCrematogaster_auberti1Eye,Crematogaster_auberti,1,0.182,1.014,0.826,0.802
640,PO1,C,west,PO1CCrematogaster_auberti2Eye,Crematogaster_auberti,2,0.157,0.827,0.692,0.673
640,PO1,C,west,PO1CCrematogaster_auberti3Eye,Crematogaster_auberti,3,0.183,1.104,0.834,0.800
640,PO1,C,west,PO1CMessor_barbarus1Eye,Messor_barbarus,1,0.255,1.502,1.531,1.451
640,PO1,C,west,PO1CMessor_barbarus2Eye,Messor_barbarus,2,0.229,1.158,1.16,1.176
640,PO1,C,west,PO1CMessor_barbarus3Eye,Messor_barbarus,3,0.267,1.917,1.433,1.787
640,PO1,C,west,PO1CPheidole_pallidula1Eye,Pheidole_pallidula,1,0.102,0.567,0.534,0.658
640,PO1,C,west,PO1CPheidole_pallidula2Eye,Pheidole_pallidula,2,0.115,0.464,0.377,0.420
640,PO1,C,west,PO1CPheidole_pallidula3Eye,Pheidole_pallidula,3,0.095,0.572,0.539,0.658
640,PO1,C,west,PO1CPlagiolepis_schmitzii1Eye,Plagiolepis_schmitzii,1,0.07,0.396,0.37,0.418
640,PO1,C,west,PO1CPlagiolepis_schmitzii2Eye,Plagiolepis_schmitzii,2,0.051,0.354,0.309,0.351
640,PO1,C,west,PO1CPlagiolepis_schmitzii3Eye,Plagiolepis_schmitzii,3,0.094,0.412,0.36,0.403
640,PO1,C,west,PO1CProformica_nasuta1Eye,Proformica_nasuta,1,0.192,0.617,0.909,0.732
640,PO1,C,west,PO1CProformica_nasuta2Eye,Proformica_nasuta,2,0.222,0.667,0.926,0.708
640,PO1,C,west,PO1CTapinoma_erraticum1Eye,Tapinoma_erraticum,1,0.139,0.575,0.608,0.690
640,PO1,C,west,PO1CTetramorium_caespitum1Eye,Tetramorium_caespitum,1,0.087,0.542,0.365,0.373
640,PO1,C,west,PO1CTetramorium_caespitum2Eye,Tetramorium_caespitum,2,0.117,0.553,0.387,0.490
640,PO1,C,west,PO1CTetramorium_caespitum3Eye,Tetramorium_caespitum,3,0.111,0.594,0.388,0.380
1040,PO2,A,west,PO2AAphaenogaster_gibbosa1Eye,Aphaenogaster_gibbosa,1,0.184,0.815,0.854,1.014
1040,PO2,A,west,PO2AAphaenogaster_gibbosa2Eye,Aphaenogaster_gibbosa,2,0.199,0.936,1.035,1.153
1040,PO2,A,west,PO2AAphaenogaster_iberica1Eye,Aphaenogaster_iberica,1,0.141,1.039,2.033,1.645
1040,PO2,A,west,PO2AAphaenogaster_iberica2Eye,Aphaenogaster_iberica,2,0.23,1.055,1.887,1.782
1040,PO2,A,west,PO2AAphaenogaster_iberica3Eye,Aphaenogaster_iberica,3,0.206,1.042,1.985,1.641
1040,PO2,A,west,PO2ACataglyphis_iberica1Eye,Cataglyphis_iberica,1,0.338,1.348,2.162,1.758
1040,PO2,A,west,PO2ACataglyphis_iberica2Eye,Cataglyphis_iberica,2,0.375,1.574,2.328,1.962
1040,PO2,A,west,PO2ACataglyphis_iberica3Eye,Cataglyphis_iberica,3,0.348,1.501,2.41,1.715
1040,PO2,A,west,PO2ACrematogaster_auberti1Eye,Crematogaster_auberti,1,0.194,0.952,0.712,0.774
1040,PO2,A,west,PO2ACrematogaster_auberti2Eye,Crematogaster_auberti,2,0.167,0.952,0.717,0.727
1040,PO2,A,west,PO2ACrematogaster_auberti3Eye,Crematogaster_auberti,3,0.191,0.937,0.733,0.634
1040,PO2,A,west,PO2AFormica_rufibarbis1Eye,Formica_rufibarbis,1,0.306,1.181,1.472,1.350
1040,PO2,A,west,PO2AFormica_rufibarbis2Eye,Formica_rufibarbis,2,0.369,1.275,1.682,1.446
1040,PO2,A,west,PO2ALasius_grandis1Eye,Lasius_grandis,1,0.192,1.058,1.174,1.027
1040,PO2,A,west,PO2AMessor_barbarus1Eye,Messor_barbarus,1,0.256,1.44,1.34,1.304
1040,PO2,A,west,PO2AMessor_barbarus2Eye,Messor_barbarus,2,0.248,1.11,1.135,1.062
1040,PO2,A,west,PO2AMessor_barbarus3Eye,Messor_barbarus,3,0.166,1.036,1.098,1.117
1040,PO2,A,west,PO2AMessor_bouvieri1Eye,Messor_bouvieri,1,0.205,1.149,0.95,0.941
1040,PO2,A,west,PO2AMessor_bouvieri2Eye,Messor_bouvieri,2,0.221,1.383,1.2,1.128
1040,PO2,A,west,PO2AMessor_bouvieri3Eye,Messor_bouvieri,3,0.24,1.397,1.188,1.155
1040,PO2,A,west,PO2AMessor_capitatus1Eye,Messor_capitatus,1,0.224,1.385,1.56,1.334
1040,PO2,A,west,PO2AMessor_capitatus2Eye,Messor_capitatus,2,0.236,1.554,1.584,1.210
1040,PO2,A,west,PO2AMessor_capitatus3Eye,Messor_capitatus,3,0.327,2.706,1.746,2.027
1040,PO2,A,west,PO2AOxyopomyrmex_saulcyi1Eye,Oxyopomyrmex_saulcyi,1,0.138,0.727,0.551,0.559
1040,PO2,A,west,PO2AOxyopomyrmex_saulcyi2Eye,Oxyopomyrmex_saulcyi,2,0.115,0.59,0.461,0.430
1040,PO2,A,west,PO2AOxyopomyrmex_saulcyi3Eye,Oxyopomyrmex_saulcyi,3,0.15,0.574,0.45,0.394
1040,PO2,A,west,PO2AProformica_nasuta1Eye,Proformica_nasuta,1,0.179,0.574,0.947,0.682
1040,PO2,A,west,PO2AProformica_nasuta2Eye,Proformica_nasuta,2,0.216,0.829,1.195,0.781
1040,PO2,A,west,PO2AProformica_nasuta3Eye,Proformica_nasuta,3,0.192,0.684,1.071,0.866
1040,PO2,A,west,PO2ATapinoma_madeirense1Eye,Tapinoma_madeirense,1,0.158,0.566,0.554,0.611
1040,PO2,A,west,PO2ATetramorium_caespitum1Eye,Tetramorium_caespitum,1,0.113,0.666,0.457,0.453
1040,PO2,A,west,PO2ATetramorium_forte1Eye,Tetramorium_forte,1,0.097,0.758,0.511,0.535
1040,PO2,A,west,PO2ATetramorium_forte2Eye,Tetramorium_forte,2,0.108,0.791,0.456,0.550
1040,PO2,A,west,PO2ATetramorium_forte3Eye,Tetramorium_forte,3,0.092,0.816,0.528,0.519
1040,PO2,B,west,PO2BAphaenogaster_gibbosa1Eye,Aphaenogaster_gibbosa,1,0.193,0.93,1.012,1.173
1040,PO2,B,west,PO2BAphaenogaster_gibbosa2Eye,Aphaenogaster_gibbosa,2,0.232,1.165,1.292,1.442
1040,PO2,B,west,PO2BAphaenogaster_iberica1Eye,Aphaenogaster_iberica,1,0.208,0.937,1.869,1.690
1040,PO2,B,west,PO2BAphaenogaster_iberica2Eye,Aphaenogaster_iberica,2,0.19,0.96,1.861,1.591
1040,PO2,B,west,PO2BAphaenogaster_iberica3Eye,Aphaenogaster_iberica,3,0.223,1.045,2.076,1.791
1040,PO2,B,west,PO2BCataglyphis_iberica1Eye,Cataglyphis_iberica,1,0.354,1.479,2.141,1.686
1040,PO2,B,west,PO2BCataglyphis_iberica2Eye,Cataglyphis_iberica,2,0.373,1.335,2.066,1.700
1040,PO2,B,west,PO2BCataglyphis_iberica3Eye,Cataglyphis_iberica,3,0.412,1.482,2.302,1.499
1040,PO2,B,west,PO2BCrematogaster_auberti1Eye,Crematogaster_auberti,1,0.175,1.016,0.729,0.737
1040,PO2,B,west,PO2BCrematogaster_auberti2Eye,Crematogaster_auberti,2,0.159,0.969,0.722,0.626
1040,PO2,B,west,PO2BCrematogaster_auberti3Eye,Crematogaster_auberti,3,0.15,0.828,0.675,0.694
1040,PO2,B,west,PO2BGoniomma_hispanicus1Eye,Goniomma_hispanicus,1,0.181,0.917,0.799,0.673
1040,PO2,B,west,PO2BGoniomma_hispanicus2Eye,Goniomma_hispanicus,2,0.189,0.948,0.813,0.649
1040,PO2,B,west,PO2BGoniomma_hispanicus3Eye,Goniomma_hispanicus,3,0.179,0.966,0.833,0.680
1040,PO2,B,west,PO2BMessor_barbarus1Eye,Messor_barbarus,1,0.249,1.387,1.264,1.286
1040,PO2,B,west,PO2BMessor_barbarus2Eye,Messor_barbarus,2,0.221,1.161,1.239,1.168
1040,PO2,B,west,PO2BMessor_barbarus3Eye,Messor_barbarus,3,0.275,1.712,1.504,1.377
1040,PO2,B,west,PO2BMessor_bouvieri1Eye,Messor_bouvieri,1,0.22,1.363,1.231,1.169
1040,PO2,B,west,PO2BMessor_bouvieri2Eye,Messor_bouvieri,2,0.199,1.277,1.053,1.003
1040,PO2,B,west,PO2BMessor_bouvieri3Eye,Messor_bouvieri,3,0.184,1.309,1.166,1.135
1040,PO2,B,west,PO2BMessor_capitatus1Eye,Messor_capitatus,1,0.279,1.57,1.56,1.375
1040,PO2,B,west,PO2BMessor_capitatus2Eye,Messor_capitatus,2,0.216,1.456,1.379,1.242
1040,PO2,B,west,PO2BMessor_capitatus3Eye,Messor_capitatus,3,0.249,1.674,1.719,1.540
1040,PO2,B,west,PO2BOxyopomyrmex_saulcyi1Eye,Oxyopomyrmex_saulcyi,1,0.147,0.617,0.481,0.505
1040,PO2,B,west,PO2BOxyopomyrmex_saulcyi2Eye,Oxyopomyrmex_saulcyi,2,0.164,0.68,0.519,0.475
1040,PO2,B,west,PO2BOxyopomyrmex_saulcyi3Eye,Oxyopomyrmex_saulcyi,3,0.143,0.618,0.473,0.356
1040,PO2,B,west,PO2BProformica_nasuta1Eye,Proformica_nasuta,1,0.165,0.693,0.975,0.858
1040,PO2,B,west,PO2BProformica_nasuta2Eye,Proformica_nasuta,2,0.19,0.677,1.052,0.861
1040,PO2,B,west,PO2BProformica_nasuta3Eye,Proformica_nasuta,3,0.221,0.86,1.232,0.908
1040,PO2,B,west,PO2BTetramorium_caespitum1Eye,Tetramorium_caespitum,1,0.092,0.623,0.374,0.483
1040,PO2,B,west,PO2BTetramorium_caespitum2Eye,Tetramorium_caespitum,2,0.104,0.576,0.413,0.404
1040,PO2,B,west,PO2BTetramorium_caespitum3Eye,Tetramorium_caespitum,3,0.076,0.624,0.455,0.550
1040,PO2,B,west,PO2BTetramorium_forte1Eye,Tetramorium_forte,1,0.148,0.79,0.561,0.602
1040,PO2,B,west,PO2BTetramorium_forte2Eye,Tetramorium_forte,2,0.096,0.815,0.552,0.607
1040,PO2,B,west,PO2BTetramorium_forte3Eye,Tetramorium_forte,3,0.116,0.799,0.586,0.642
1040,PO2,C,west,PO2CAphaenogaster_gibbosa1Eye,Aphaenogaster_gibbosa,1,0.165,0.848,1.036,1.108
1040,PO2,C,west,PO2CAphaenogaster_gibbosa2Eye,Aphaenogaster_gibbosa,2,0.158,0.756,0.839,1.143
1040,PO2,C,west,PO2CAphaenogaster_iberica1Eye,Aphaenogaster_iberica,1,0.175,0.919,1.692,1.577
1040,PO2,C,west,PO2CAphaenogaster_iberica2Eye,Aphaenogaster_iberica,2,0.144,1.038,1.744,1.827
1040,PO2,C,west,PO2CAphaenogaster_iberica3Eye,Aphaenogaster_iberica,3,0.199,1.08,1.941,1.729
1040,PO2,C,west,PO2CCataglyphis_iberica1Eye,Cataglyphis_iberica,1,0.325,1.123,1.921,1.340
1040,PO2,C,west,PO2CCataglyphis_iberica2Eye,Cataglyphis_iberica,2,0.373,1.513,2.351,1.834
1040,PO2,C,west,PO2CCataglyphis_iberica3Eye,Cataglyphis_iberica,3,0.318,1.466,2.412,1.769
1040,PO2,C,west,PO2CCrematogaster_auberti1Eye,Crematogaster_auberti,1,0.161,0.98,0.765,0.902
1040,PO2,C,west,PO2CCrematogaster_auberti2Eye,Crematogaster_auberti,2,0.155,1.008,0.768,0.825
1040,PO2,C,west,PO2CCrematogaster_auberti3Eye,Crematogaster_auberti,3,0.151,0.982,0.701,0.768
1040,PO2,C,west,PO2CGoniomma_hispanicus1Eye,Goniomma_hispanicus,1,0.127,0.643,0.521,0.432
1040,PO2,C,west,PO2CGoniomma_hispanicus2Eye,Goniomma_hispanicus,2,0.147,0.934,0.722,0.698
1040,PO2,C,west,PO2CIberoformica_subrufa1Eye,Iberoformica_subrufa,1,0.325,1.398,1.654,1.606
1040,PO2,C,west,PO2CIberoformica_subrufa2Eye,Iberoformica_subrufa,2,0.365,1.377,1.749,1.536
1040,PO2,C,west,PO2CIberoformica_subrufa3Eye,Iberoformica_subrufa,3,0.399,1.466,1.847,1.579
1040,PO2,C,west,PO2CMessor_barbarus1Eye,Messor_barbarus,1,0.27,1.748,1.619,1.553
1040,PO2,C,west,PO2CMessor_barbarus2Eye,Messor_barbarus,2,0.184,0.977,1.101,1.022
1040,PO2,C,west,PO2CMessor_barbarus3Eye,Messor_barbarus,3,0.166,1.12,1.198,1.112
1040,PO2,C,west,PO2CMessor_bouvieri1Eye,Messor_bouvieri,1,0.204,1.025,0.973,1.012
1040,PO2,C,west,PO2CMessor_bouvieri2Eye,Messor_bouvieri,2,0.259,1.404,1.246,1.210
1040,PO2,C,west,PO2CMessor_bouvieri3Eye,Messor_bouvieri,3,0.295,1.788,1.539,1.392
1040,PO2,C,west,PO2CMessor_capitatus1Eye,Messor_capitatus,1,0.244,1.461,1.482,1.440
1040,PO2,C,west,PO2CMessor_capitatus2Eye,Messor_capitatus,2,0.231,1.398,1.335,1.244
1040,PO2,C,west,PO2CMessor_capitatus3Eye,Messor_capitatus,3,0.318,2.254,1.692,1.701
1040,PO2,C,west,PO2COxyopomyrmex_saulcyi1Eye,Oxyopomyrmex_saulcyi,1,0.149,0.65,0.509,0.456
1040,PO2,C,west,PO2COxyopomyrmex_saulcyi2Eye,Oxyopomyrmex_saulcyi,2,0.134,0.515,0.342,0.390
1040,PO2,C,west,PO2COxyopomyrmex_saulcyi3Eye,Oxyopomyrmex_saulcyi,3,0.143,0.626,0.491,0.426
1040,PO2,C,west,PO2CPlagiolepis_schmitzii1Eye,Plagiolepis_schmitzii,1,0.077,0.429,0.399,0.365
1040,PO2,C,west,PO2CProformica_nasuta1Eye,Proformica_nasuta,1,0.203,0.674,1.045,0.783
1040,PO2,C,west,PO2CProformica_nasuta2Eye,Proformica_nasuta,2,0.203,0.568,0.979,0.774
1040,PO2,C,west,PO2CProformica_nasuta3Eye,Proformica_nasuta,3,0.167,0.539,0.953,0.746
1040,PO2,C,west,PO2CSolenopsis_sp1Eye,Solenopsis_sp,1,0.026,0.323,0.214,0.267
1040,PO2,C,west,PO2CTemnothorax_alfacarensis1Eye,Temnothorax_alfacarensis,1,0.094,0.408,0.343,0.398
1040,PO2,C,west,PO2CTemnothorax_alfacarensis2Eye,Temnothorax_alfacarensis,2,0.111,0.471,0.34,0.426
1040,PO2,C,west,PO2CTemnothorax_alfacarensis3Eye,Temnothorax_alfacarensis,3,0.112,0.495,0.405,0.414
1040,PO2,C,west,PO2CTetramorium_caespitum1Eye,Tetramorium_caespitum,1,0.124,0.62,0.445,0.553
1040,PO2,C,west,PO2CTetramorium_caespitum2Eye,Tetramorium_caespitum,2,0.131,0.626,0.384,0.443
1040,PO2,C,west,PO2CTetramorium_caespitum3Eye,Tetramorium_caespitum,3,0.1,0.534,0.391,0.346
1040,PO2,C,west,PO2CTetramorium_forte1Eye,Tetramorium_forte,1,0.139,0.836,0.615,0.629
1040,PO2,C,west,PO2CTetramorium_forte2Eye,Tetramorium_forte,2,0.094,0.727,0.588,0.551
1040,PO2,C,west,PO2CTetramorium_forte3Eye,Tetramorium_forte,3,0.076,0.746,0.556,0.592
1395,PO3,A,west,PO3AAphaenogaster_iberica1Eye,Aphaenogaster_iberica,1,0.244,1.165,2.386,1.923
1395,PO3,A,west,PO3AAphaenogaster_iberica2Eye,Aphaenogaster_iberica,2,0.225,1.351,2.274,2.107
1395,PO3,A,west,PO3AAphaenogaster_iberica3Eye,Aphaenogaster_iberica,3,0.205,1.181,2.177,1.786
1395,PO3,A,west,PO3AFormica_dusmeti1Eye,Formica_dusmeti,1,0.357,1.831,2.549,1.588
1395,PO3,A,west,PO3AFormica_dusmeti2Eye,Formica_dusmeti,2,0.297,1.69,1.957,1.401
1395,PO3,A,west,PO3AFormica_dusmeti3Eye,Formica_dusmeti,3,0.414,2.119,2.598,1.739
1395,PO3,A,west,PO3AFormica_rufibarbis1Eye,Formica_rufibarbis,1,0.362,1.628,1.938,1.654
1395,PO3,A,west,PO3AFormica_rufibarbis2Eye,Formica_rufibarbis,2,0.302,1.381,1.844,1.377
1395,PO3,A,west,PO3AFormica_rufibarbis3Eye,Formica_rufibarbis,3,0.349,1.472,1.882,1.388
1395,PO3,A,west,PO3ALasius_piliferus1Eye,Lasius_piliferus,1,0.159,0.971,0.922,0.821
1395,PO3,A,west,PO3ALasius_piliferus2Eye,Lasius_piliferus,2,0.151,0.926,0.85,0.766
1395,PO3,A,west,PO3ALasius_piliferus3Eye,Lasius_piliferus,3,0.153,0.905,0.796,0.827
1395,PO3,A,west,PO3AMessor_barbarus1Eye,Messor_barbarus,1,0.201,1.442,1.459,1.250
1395,PO3,A,west,PO3AMessor_barbarus2Eye,Messor_barbarus,2,0.251,1.305,1.331,1.145
1395,PO3,A,west,PO3AMessor_capitatus1Eye,Messor_capitatus,1,0.374,2.792,2.25,1.731
1395,PO3,A,west,PO3AMessor_capitatus2Eye,Messor_capitatus,2,0.272,1.648,1.504,1.337
1395,PO3,A,west,PO3AMyrmica_aloba1Eye,Myrmica_aloba,1,0.206,1.195,0.902,0.819
1395,PO3,A,west,PO3AMyrmica_aloba2Eye,Myrmica_aloba,2,0.236,1.195,1.01,0.890
1395,PO3,A,west,PO3AProformica_nasuta1Eye,Proformica_nasuta,1,0.189,0.892,1.247,0.936
1395,PO3,A,west,PO3AProformica_nasuta2Eye,Proformica_nasuta,2,0.173,0.761,1.238,0.755
1395,PO3,A,west,PO3AProformica_nasuta3Eye,Proformica_nasuta,3,0.19,0.651,1.055,0.771
1395,PO3,A,west,PO3ATapinoma_madeirense1Eye,Tapinoma_madeirense,1,0.202,0.635,0.596,0.659
1395,PO3,A,west,PO3ATapinoma_madeirense2Eye,Tapinoma_madeirense,2,0.163,0.641,0.601,0.551
1395,PO3,A,west,PO3ATapinoma_madeirense3Eye,Tapinoma_madeirense,3,0.158,0.823,0.8,0.783
1395,PO3,A,west,PO3ATemnothorax_ibericus1Eye,Temnothorax_ibericus,1,0.122,0.543,0.461,0.394
1395,PO3,A,west,PO3ATemnothorax_ibericus2Eye,Temnothorax_ibericus,2,0.109,0.441,0.33,0.351
1395,PO3,A,west,PO3ATemnothorax_ibericus3Eye,Temnothorax_ibericus,3,0.145,0.557,0.453,0.433
1395,PO3,A,west,PO3ATetramorium_caespitum1Eye,Tetramorium_caespitum,1,0.085,0.712,0.54,0.426
1395,PO3,A,west,PO3ATetramorium_caespitum2Eye,Tetramorium_caespitum,2,0.098,0.76,0.567,0.515
1395,PO3,A,west,PO3ATetramorium_caespitum3Eye,Tetramorium_caespitum,3,0.136,0.781,0.634,0.545
1395,PO3,B,west,PO3BFormica_cunicularia1Eye,Formica_cunicularia,1,0.307,1.165,1.53,1.277
1395,PO3,B,west,PO3BFormica_rufibarbis1Eye,Formica_rufibarbis,1,0.323,1.349,1.844,1.598
1395,PO3,B,west,PO3BFormica_rufibarbis2Eye,Formica_rufibarbis,2,0.327,1.383,1.626,1.322
1395,PO3,B,west,PO3BFormica_rufibarbis3Eye,Formica_rufibarbis,3,0.348,1.622,1.992,1.549
1395,PO3,B,west,PO3BLasius_grandis-niger1Eye,Lasius_grandis,1,0.23,1.082,1.145,1.112
1395,PO3,B,west,PO3BLasius_piliferus1Eye,Lasius_piliferus,1,0.143,0.759,0.796,0.678
1395,PO3,B,west,PO3BLasius_piliferus2Eye,Lasius_piliferus,2,0.161,0.797,0.802,0.859
1395,PO3,B,west,PO3BLasius_piliferus3Eye,Lasius_piliferus,3,0.16,0.811,0.804,0.848
1395,PO3,B,west,PO3BMyrmica_aloba1Eye,Myrmica_aloba,1,0.177,1.022,0.729,0.799
1395,PO3,B,west,PO3BMyrmica_aloba2Eye,Myrmica_aloba,2,0.159,0.943,0.804,0.871
1395,PO3,B,west,PO3BMyrmica_aloba3Eye,Myrmica_aloba,3,0.194,1.064,0.786,0.941
1395,PO3,B,west,PO3BTapinoma_erraticum1Eye,Tapinoma_erraticum,1,0.139,0.586,0.563,0.609
1395,PO3,B,west,PO3BTetramorium_caespitum1Eye,Tetramorium_caespitum,1,0.076,0.608,0.419,0.430
1395,PO3,B,west,PO3BTetramorium_forte1Eye,Tetramorium_forte,1,0.127,0.778,0.645,0.663
1395,PO3,C,west,PO3CAphaenogaster_iberica1Eye,Aphaenogaster_iberica,1,0.214,1.004,1.946,1.844
1395,PO3,C,west,PO3CAphaenogaster_iberica2Eye,Aphaenogaster_iberica,2,0.156,1.009,1.969,1.665
1395,PO3,C,west,PO3CAphaenogaster_iberica3Eye,Aphaenogaster_iberica,3,0.221,1.125,1.99,1.938
1395,PO3,C,west,PO3CFormica_rufibarbis1Eye,Formica_rufibarbis,1,0.294,1.353,1.94,1.548
1395,PO3,C,west,PO3CFormica_rufibarbis2Eye,Formica_rufibarbis,2,0.324,1.482,1.84,1.591
1395,PO3,C,west,PO3CFormica_rufibarbis3Eye,Formica_rufibarbis,3,0.367,1.474,2.081,1.796
1395,PO3,C,west,PO3CLasius_flavus1Eye,Lasius_flavus,1,0.052,0.734,0.598,0.563
1395,PO3,C,west,PO3CLasius_flavus2Eye,Lasius_flavus,2,0.069,0.702,0.627,0.562
1395,PO3,C,west,PO3CLasius_piliferus1Eye,Lasius_piliferus,1,0.14,0.799,0.749,0.718
1395,PO3,C,west,PO3CLasius_piliferus2Eye,Lasius_piliferus,2,0.131,0.715,0.714,0.671
1395,PO3,C,west,PO3CLasius_piliferus3Eye,Lasius_piliferus,3,0.206,0.857,0.818,0.735
1395,PO3,C,west,PO3CProformica_nasuta1Eye,Proformica_nasuta,1,0.245,1.073,1.223,1.076
1395,PO3,C,west,PO3CProformica_nasuta2Eye,Proformica_nasuta,2,0.146,0.635,0.963,0.747
1395,PO3,C,west,PO3CProformica_nasuta3Eye,Proformica_nasuta,3,0.194,0.683,1.025,0.918
1395,PO3,C,west,PO3CTetramorium_caespitum1Eye,Tetramorium_caespitum,1,0.121,0.65,0.448,0.494
1395,PO3,C,west,PO3CTetramorium_caespitum2Eye,Tetramorium_caespitum,2,0.1,0.627,0.453,0.413
1395,PO3,C,west,PO3CTetramorium_caespitum3Eye,Tetramorium_caespitum,3,0.103,0.655,0.442,0.555
1395,PO3,C,west,PO3CTetramorium_erraticum1Eye,Tapinoma_erraticum,1,0.155,0.767,0.712,0.788
1395,PO3,C,west,PO3CTetramorium_erraticum2Eye,Tapinoma_erraticum,2,0.165,0.644,0.572,0.482
1395,PO3,C,west,PO3CTetramorium_erraticum3Eye,Tapinoma_erraticum,3,0.185,0.738,0.699,0.744
1650,PO4,A,west,PO4ACataglyphis_iberica1Eye,Cataglyphis_iberica,1,0.407,1.927,2.794,1.774
1650,PO4,A,west,PO4ACataglyphis_iberica2Eye,Cataglyphis_iberica,2,0.419,1.706,2.534,1.791
1650,PO4,A,west,PO4AFormica_dusmeti1Eye,Formica_dusmeti,1,0.3,1.881,2.449,1.588
1650,PO4,A,west,PO4AFormica_dusmeti2Eye,Formica_dusmeti,2,0.347,1.6,2.047,1.401
1650,PO4,A,west,PO4AFormica_dusmeti3Eye,Formica_dusmeti,3,0.327,2.159,2.558,1.739
1650,PO4,A,west,PO4AFormica_frontalis1Eye,Formica_frontalis,1,0.404,1.954,2.946,1.906
1650,PO4,A,west,PO4AFormica_frontalis2Eye,Formica_frontalis,2,0.393,1.847,2.53,1.861
1650,PO4,A,west,PO4AFormica_fusca1Eye,Formica_fusca,1,0.349,1.43,1.763,1.413
1650,PO4,A,west,PO4AFormica_rufibarbis1Eye,Formica_rufibarbis,1,0.371,1.447,2.015,1.666
1650,PO4,A,west,PO4AFormica_rufibarbis2Eye,Formica_rufibarbis,2,0.382,1.259,1.561,1.244
1650,PO4,A,west,PO4AFormica_rufibarbis3Eye,Formica_rufibarbis,3,0.393,1.205,1.63,1.452
1650,PO4,A,west,PO4ALasius_grandis1Eye,Lasius_grandis,1,0.205,0.964,1.164,1.043
1650,PO4,A,west,PO4ALasius_piliferus1Eye,Lasius_piliferus,1,0.163,0.902,0.918,0.851
1650,PO4,A,west,PO4ALasius_piliferus2Eye,Lasius_piliferus,2,0.127,0.846,0.836,0.743
1650,PO4,A,west,PO4ALasius_piliferus3Eye,Lasius_piliferus,3,0.186,0.849,0.847,0.808
1650,PO4,A,west,PO4AMessor_capitatus1Eye,Messor_capitatus,1,0.267,1.585,1.558,1.468
1650,PO4,A,west,PO4AProformica_nasuta1Eye,Proformica_nasuta,1,0.182,0.756,1.073,0.826
1650,PO4,A,west,PO4AProformica_nasuta2Eye,Proformica_nasuta,2,0.188,0.82,1.18,0.923
1650,PO4,A,west,PO4AProformica_nasuta3Eye,Proformica_nasuta,3,0.178,0.638,1.003,0.811
1650,PO4,A,west,PO4AStrongylognathus_testaceus1Eye,Strongylognathus_testaceus,1,0.164,0.793,0.52,0.390
1650,PO4,A,west,PO4AStrongylognathus_testaceus2Eye,Strongylognathus_testaceus,2,0.178,0.776,0.492,0.380
1650,PO4,A,west,PO4ATapinoma_erraticum1Eye,Tapinoma_erraticum,1,0.156,0.624,0.603,0.594
1650,PO4,A,west,PO4ATapinoma_erraticum2Eye,Tapinoma_erraticum,2,0.17,0.767,0.832,0.785
1650,PO4,A,west,PO4ATapinoma_erraticum3Eye,Tapinoma_erraticum,3,0.129,0.641,0.589,0.676
1650,PO4,A,west,PO4ATapinoma_madeirense1Eye,Tapinoma_madeirense,1,0.177,0.752,0.786,0.739
1650,PO4,A,west,PO4ATapinoma_madeirense2Eye,Tapinoma_madeirense,2,0.132,0.521,0.568,0.583
1650,PO4,A,west,PO4ATapinoma_madeirense3Eye,Tapinoma_madeirense,3,0.128,0.57,0.565,0.659
1650,PO4,A,west,PO4ATemnothorax_ibericus1Eye,Temnothorax_ibericus,1,0.059,0.478,0.394,0.372
1650,PO4,A,west,PO4ATemnothorax_ibericus2Eye,Temnothorax_ibericus,2,0.077,0.582,0.479,0.431
1650,PO4,A,west,PO4ATetramorium_caespitum1Eye,Tetramorium_caespitum,1,0.118,0.834,0.518,0.563
1650,PO4,A,west,PO4ATetramorium_caespitum2Eye,Tetramorium_caespitum,2,0.119,0.732,0.492,0.482
1650,PO4,A,west,PO4ATetramorium_caespitum3Eye,Tetramorium_caespitum,3,0.108,0.7,0.528,0.524
1650,PO4,B,west,PO4BAphaenogaster_gibbosa1Eye,Aphaenogaster_gibbosa,1,0.213,1.364,1.284,1.432
1650,PO4,B,west,PO4BAphaenogaster_gibbosa2Eye,Aphaenogaster_gibbosa,2,0.185,1.285,1.228,1.281
1650,PO4,B,west,PO4BAphaenogaster_gibbosa3Eye,Aphaenogaster_gibbosa,3,0.201,1.156,1.17,1.265
1650,PO4,B,west,PO4BCataglyphis_iberica1Eye,Cataglyphis_iberica,1,0.367,1.615,2.156,1.681
1650,PO4,B,west,PO4BCataglyphis_iberica2Eye,Cataglyphis_iberica,2,0.437,1.676,2.506,1.436
1650,PO4,B,west,PO4BCataglyphis_iberica3Eye,Cataglyphis_iberica,3,0.303,1.087,1.7,1.195
1650,PO4,B,west,PO4BFormica_frontalis1Eye,Formica_frontalis,1,0.338,1.572,2.281,1.851
1650,PO4,B,west,PO4BFormica_frontalis2Eye,Formica_frontalis,2,0.319,1.325,1.841,1.431
1650,PO4,B,west,PO4BFormica_frontalis3Eye,Formica_frontalis,3,0.337,1.651,2.196,1.633
1650,PO4,B,west,PO4BLasius_piliferus1Eye,Lasius_piliferus,1,0.162,0.823,0.811,0.580
1650,PO4,B,west,PO4BLasius_piliferus2Eye,Lasius_piliferus,2,0.165,0.874,0.765,0.817
1650,PO4,B,west,PO4BLasius_piliferus3Eye,Lasius_piliferus,3,0.159,0.744,0.725,0.700
1650,PO4,B,west,PO4BMessor_capitatus1Eye,Messor_capitatus,1,0.225,1.424,1.323,1.377
1650,PO4,B,west,PO4BMessor_capitatus2Eye,Messor_capitatus,2,0.23,1.451,1.333,1.343
1650,PO4,B,west,PO4BMessor_capitatus3Eye,Messor_capitatus,3,0.208,1.267,1.339,1.233
1650,PO4,B,west,PO4BProformica_nasuta1Eye,Proformica_nasuta,1,0.19,0.776,1.179,0.689
1650,PO4,B,west,PO4BProformica_nasuta2Eye,Proformica_nasuta,2,0.169,0.663,1.054,0.728
1650,PO4,B,west,PO4BProformica_nasuta3Eye,Proformica_nasuta,3,0.184,0.64,0.986,0.810
1650,PO4,B,west,PO4BStrongylognathus_testaceus1Eye,Strongylognathus_testaceus,1,0.125,0.764,0.486,0.377
1650,PO4,B,west,PO4BTapinoma_erraticum1Eye,Tapinoma_erraticum,1,0.114,0.559,0.511,0.622
1650,PO4,B,west,PO4BTapinoma_erraticum2Eye,Tapinoma_erraticum,2,0.116,0.579,0.549,0.612
1650,PO4,B,west,PO4BTemnothorax_ibericus1Eye,Temnothorax_ibericus,1,0.074,0.486,0.335,0.431
1650,PO4,B,west,PO4BTemnothorax_ibericus2Eye,Temnothorax_ibericus,2,0.062,0.416,0.278,0.343
1650,PO4,B,west,PO4BTetramorium_caespitum1Eye,Tetramorium_caespitum,1,0.104,0.664,0.483,0.521
1650,PO4,B,west,PO4BTetramorium_caespitum2Eye,Tetramorium_caespitum,2,0.101,0.696,0.518,0.557
1650,PO4,B,west,PO4BTetramorium_caespitum3Eye,Tetramorium_caespitum,3,0.074,0.601,0.432,0.470
1650,PO4,C,west,PO4CAphaenogaster_gibbosa1Eye,Aphaenogaster_gibbosa,1,0.196,1.012,1.061,1.232
1650,PO4,C,west,PO4CCataglyphis_iberica1Eye,Cataglyphis_iberica,1,0.307,1.367,1.949,1.436
1650,PO4,C,west,PO4CCataglyphis_iberica2Eye,Cataglyphis_iberica,2,0.301,1.198,1.697,0.965
1650,PO4,C,west,PO4CCataglyphis_iberica3Eye,Cataglyphis_iberica,3,0.336,1.227,1.79,1.555
1650,PO4,C,west,PO4CFormica_frontalis1Eye,Formica_frontalis,1,0.3,1.397,1.91,1.228
1650,PO4,C,west,PO4CFormica_frontalis2Eye,Formica_frontalis,2,0.325,1.878,2.321,1.837
1650,PO4,C,west,PO4CFormica_frontalis3Eye,Formica_frontalis,3,0.359,1.699,2.359,1.325
1650,PO4,C,west,PO4CFormica_fusca1Eye,Formica_fusca,1,0.343,1.433,1.704,1.022
1650,PO4,C,west,PO4CFormica_fusca2Eye,Formica_fusca,2,0.345,1.335,1.768,1.572
1650,PO4,C,west,PO4CFormica_gerardi1Eye,Formica_gerardi,1,0.338,1.13,1.447,1.356
1650,PO4,C,west,PO4CFormica_rufibarbis1Eye,Formica_rufibarbis,1,0.392,1.432,1.744,1.411
1650,PO4,C,west,PO4CFormica_rufibarbis2Eye,Formica_rufibarbis,2,0.34,1.377,1.803,1.500
1650,PO4,C,west,PO4CFormica_rufibarbis3Eye,Formica_rufibarbis,3,0.357,1.368,1.829,1.408
1650,PO4,C,west,PO4CLasius_grandis1Eye,Lasius_grandis,1,0.198,1.013,0.971,0.999
1650,PO4,C,west,PO4CLasius_grandis2Eye,Lasius_grandis,2,0.183,0.77,0.859,0.768
1650,PO4,C,west,PO4CLasius_grandis3Eye,Lasius_grandis,3,0.198,0.984,1.039,1.022
1650,PO4,C,west,PO4CLasius_piliferus1Eye,Lasius_piliferus,1,0.109,0.671,0.708,0.822
1650,PO4,C,west,PO4CLasius_piliferus2Eye,Lasius_piliferus,2,0.134,0.69,0.718,0.726
1650,PO4,C,west,PO4CLasius_piliferus3Eye,Lasius_piliferus,3,0.08,0.701,0.677,0.753
1650,PO4,C,west,PO4CMessor_capitatus1Eye,Messor_capitatus,1,0.213,1.543,1.381,1.423
1650,PO4,C,west,PO4CMessor_capitatus2Eye,Messor_capitatus,2,0.218,1.409,1.352,1.205
1650,PO4,C,west,PO4CMessor_capitatus3Eye,Messor_capitatus,3,0.193,1.321,1.235,1.202
1650,PO4,C,west,PO4CProformica_nasuta1Eye,Proformica_nasuta,1,0.193,0.536,0.896,0.739
1650,PO4,C,west,PO4CProformica_nasuta2Eye,Proformica_nasuta,2,0.223,0.762,1.034,0.840
1650,PO4,C,west,PO4CProformica_nasuta3Eye,Proformica_nasuta,3,0.176,0.598,1.001,0.621
1650,PO4,C,west,PO4CTapinoma_erraticum1Eye,Tapinoma_erraticum,1,0.134,0.59,0.553,0.621
1650,PO4,C,west,PO4CTapinoma_erraticum2Eye,Tapinoma_erraticum,2,0.11,0.595,0.593,0.646
1650,PO4,C,west,PO4CTapinoma_erraticum3Eye,Tapinoma_erraticum,3,0.116,0.63,0.64,0.676
1650,PO4,C,west,PO4CTemnothorax_unifasciatus1Eye,Temnothorax_unifasciatus,1,0.118,0.58,0.45,0.512
1650,PO4,C,west,PO4CTemnothorax_unifasciatus2Eye,Temnothorax_unifasciatus,2,0.107,0.557,0.369,0.510
1650,PO4,C,west,PO4CTetramorium_caespitum1Eye,Tetramorium_caespitum,1,0.118,0.682,0.511,0.555
1650,PO4,C,west,PO4CTetramorium_caespitum2Eye,Tetramorium_caespitum,2,0.096,0.742,0.544,0.518
1650,PO4,C,west,PO4CTetramorium_caespitum3Eye,Tetramorium_caespitum,3,0.115,0.663,0.49,0.559
2050,PO5,A,west,PO5AFormica_fusca1Eye,Formica_fusca,1,0.292,1.164,1.581,1.382
2050,PO5,A,west,PO5AFormica_rufibarbis1Eye,Formica_rufibarbis,1,0.265,1.43,1.897,1.627
2050,PO5,A,west,PO5AFormica_rufibarbis2Eye,Formica_rufibarbis,2,0.29,1.411,1.859,0.898
2050,PO5,A,west,PO5AFormica_rufibarbis3Eye,Formica_rufibarbis,3,0.359,1.522,2.211,1.741
2050,PO5,A,west,PO5AMyrmica_xavieri1Eye,Myrmica_xavieri,1,0.179,0.957,0.753,0.786
2050,PO5,A,west,PO5AMyrmica_xavieri2Eye,Myrmica_xavieri,2,0.192,1.093,0.851,0.823
2050,PO5,A,west,PO5AMyrmica_xavieri3Eye,Myrmica_xavieri,3,0.203,1.047,0.76,0.900
2050,PO5,A,west,PO5ATetramorium_caespitum1Eye,Tetramorium_caespitum,1,0.093,0.706,0.504,0.526
2050,PO5,A,west,PO5ATetramorium_caespitum2Eye,Tetramorium_caespitum,2,0.161,0.778,0.514,0.442
2050,PO5,A,west,PO5ATetramorium_caespitum3Eye,Tetramorium_caespitum,3,0.105,0.762,0.411,0.559
2050,PO5,B,west,PO5BLasius_piliferus1Eye,Lasius_piliferus,1,0.183,0.765,0.836,0.730
2050,PO5,B,west,PO5BTetramorium_caespitum1Eye,Tetramorium_caespitum,1,0.086,0.649,0.432,0.472
2050,PO5,B,west,PO5BTetramorium_caespitum2Eye,Tetramorium_caespitum,2,0.11,0.657,0.42,0.483
2050,PO5,B,west,PO5BTetramorium_caespitum3Eye,Tetramorium_caespitum,3,0.073,0.639,0.431,0.544
2050,PO5,C,west,PO5CFormica_fusca1Eye,Formica_fusca,1,0.292,1.174,1.436,1.285
2050,PO5,C,west,PO5CFormica_fusca2Eye,Formica_fusca,2,0.282,1.121,1.377,0.767
2050,PO5,C,west,PO5CFormica_fusca3Eye,Formica_fusca,3,0.306,1.061,1.446,1.392
2050,PO5,C,west,PO5CTetramorium_caespitum1Eye,Tetramorium_caespitum,1,0.099,0.639,0.406,0.528
2050,PO5,C,west,PO5CTetramorium_caespitum2Eye,Tetramorium_caespitum,2,0.102,0.674,0.493,0.501
2050,PO5,C,west,PO5CTetramorium_caespitum3Eye,Tetramorium_caespitum,3,0.108,0.664,0.425,0.542
2220,PO6,A,west,PO6ACataglyphis_piliscapa1Eye,Cataglyphis_piliscapa,1,0.383,1.563,2.262,1.808
2220,PO6,A,west,PO6ACataglyphis_piliscapa2Eye,Cataglyphis_piliscapa,2,0.367,1.527,2.326,1.549
2220,PO6,A,west,PO6ACataglyphis_piliscapa3Eye,Cataglyphis_piliscapa,3,0.289,1.096,1.798,1.357
2220,PO6,A,west,PO6ATetramorium_caespitum1Eye,Tetramorium_caespitum,1,0.087,0.738,0.524,0.475
2220,PO6,A,west,PO6ATetramorium_caespitum2Eye,Tetramorium_caespitum,2,0.1,0.713,0.546,0.508
2220,PO6,A,west,PO6ATetramorium_caespitum3Eye,Tetramorium_caespitum,3,0.119,0.702,0.517,0.489
2220,PO6,B,west,PO6BCataglyphis_piliscapa1Eye,Cataglyphis_piliscapa,1,0.311,1.272,2.007,1.567
2220,PO6,B,west,PO6BCataglyphis_piliscapa2Eye,Cataglyphis_piliscapa,2,0.273,1.073,1.759,1.214
2220,PO6,B,west,PO6BCataglyphis_piliscapa3Eye,Cataglyphis_piliscapa,3,0.31,1.323,2.054,1.539
2220,PO6,B,west,PO6BTetramorium_caespitum1Eye,Tetramorium_caespitum,1,0.09,0.592,0.401,0.436
2220,PO6,B,west,PO6BTetramorium_caespitum2Eye,Tetramorium_caespitum,2,0.126,0.688,0.464,0.506
2220,PO6,B,west,PO6BTetramorium_caespitum3Eye,Tetramorium_caespitum,3,0.104,0.634,0.506,0.488
2220,PO6,C,west,PO6CCataglyphis_piliscapa1Eye,Cataglyphis_piliscapa,1,0.292,1.061,1.824,0.834
2220,PO6,C,west,PO6CCataglyphis_piliscapa2Eye,Cataglyphis_piliscapa,2,0.334,1.405,1.954,1.633
2220,PO6,C,west,PO6CCataglyphis_piliscapa3Eye,Cataglyphis_piliscapa,3,0.299,1.458,1.912,1.528
2220,PO6,C,west,PO6CTetramorium_caespitum1Eye,Tetramorium_caespitum,1,0.088,0.644,0.434,0.366
2220,PO6,C,west,PO6CTetramorium_caespitum2Eye,Tetramorium_caespitum,2,0.093,0.568,0.429,0.482
2220,PO6,C,west,PO6CTetramorium_caespitum3Eye,Tetramorium_caespitum,3,0.084,0.65,0.431,0.508
684,PS1,A,main,PS1AAphaenogaster_iberica1Eye,Aphaenogaster_iberica,1,0.212,1.123,2.168,1.836
684,PS1,A,main,PS1AAphaenogaster_iberica2Eye,Aphaenogaster_iberica,2,0.141,1.188,2.003,1.814
684,PS1,A,main,PS1AAphaenogaster_iberica3Eye,Aphaenogaster_iberica,3,0.234,1.103,2.097,1.658
684,PS1,A,main,PS1ACamponotus_foreli1Eye,Camponotus_foreli,1,0.214,0.962,1.619,1.366
684,PS1,A,main,PS1ACamponotus_foreli2Eye,Camponotus_foreli,2,0.136,1.488,1.614,1.438
684,PS1,A,main,PS1ACamponotus_foreli3Eye,Camponotus_foreli,3,0.281,1.006,1.64,1.435
684,PS1,A,main,PS1ACataglyphis_iberica1Eye,Cataglyphis_iberica,1,0.283,1.332,2.219,1.688
684,PS1,A,main,PS1ACataglyphis_iberica2Eye,Cataglyphis_iberica,2,0.333,1.321,2.056,1.638
684,PS1,A,main,PS1ACataglyphis_iberica3Eye,Cataglyphis_iberica,3,0.3,1.465,2.284,1.701
684,PS1,A,main,PS1ACrematogaster_auberti1Eye,Crematogaster_auberti,1,0.144,1.103,0.858,0.855
684,PS1,A,main,PS1ACrematogaster_auberti2Eye,Crematogaster_auberti,2,0.177,1.137,0.783,0.705
684,PS1,A,main,PS1ACrematogaster_auberti3Eye,Crematogaster_auberti,3,0.133,1.004,0.822,0.759
684,PS1,A,main,PS1AMessor_barbarus1Eye,Messor_barbarus,1,0.246,1.6,1.548,1.389
684,PS1,A,main,PS1AMessor_barbarus2Eye,Messor_barbarus,2,0.264,1.422,1.331,1.304
684,PS1,A,main,PS1AMessor_barbarus3Eye,Messor_barbarus,3,0.23,1.49,1.374,1.240
684,PS1,A,main,PS1ATapinoma_erraticum1Eye,Tapinoma_erraticum,1,0.088,0.593,0.527,0.582
684,PS1,A,main,PS1ATapinoma_madeirense1Eye,Tapinoma_madeirense,1,0.134,0.555,0.529,0.613
684,PS1,A,main,PS1ATemnothorax_alfacarensis1Eye,Temnothorax_alfacarensis,1,0.102,0.546,0.408,0.443
684,PS1,A,main,PS1ATemnothorax_alfacarensis2Eye,Temnothorax_alfacarensis,2,0.092,0.514,0.45,0.493
684,PS1,A,main,PS1ATemnothorax_alfacarensis3Eye,Temnothorax_alfacarensis,3,0.117,0.481,0.35,0.449
684,PS1,A,main,PS1ATetramorium_forte1Eye,Tetramorium_forte,1,0.107,0.743,0.494,0.516
684,PS1,A,main,PS1ATetramorium_forte2Eye,Tetramorium_forte,2,0.125,0.774,0.534,0.558
684,PS1,A,main,PS1ATetramorium_forte3Eye,Tetramorium_forte,3,0.119,0.66,0.517,0.515
684,PS1,B,main,PS1BAphaenogaster_iberica1Eye,Aphaenogaster_iberica,1,0.172,1.02,1.913,1.721
684,PS1,B,main,PS1BAphaenogaster_iberica2Eye,Aphaenogaster_iberica,2,0.244,1.087,2.094,1.774
684,PS1,B,main,PS1BAphaenogaster_iberica3Eye,Aphaenogaster_iberica,3,0.169,1.066,1.937,1.743
684,PS1,B,main,PS1BCamponotus_foreli1Eye,Camponotus_foreli,1,0.244,1.121,1.848,1.594
684,PS1,B,main,PS1BCamponotus_foreli2Eye,Camponotus_foreli,2,0.21,0.957,1.592,1.701
684,PS1,B,main,PS1BCamponotus_foreli3Eye,Camponotus_foreli,3,0.265,1.164,2.024,1.644
684,PS1,B,main,PS1BCataglyphis_iberica1Eye,Cataglyphis_iberica,1,0.32,1.446,2.257,1.735
684,PS1,B,main,PS1BCataglyphis_iberica2Eye,Cataglyphis_iberica,2,0.357,1.358,2.231,1.593
684,PS1,B,main,PS1BCataglyphis_iberica3Eye,Cataglyphis_iberica,3,0.242,1.282,1.974,1.333
684,PS1,B,main,PS1BCrematogaster_auberti1Eye,Crematogaster_auberti,1,0.19,0.936,0.654,0.841
684,PS1,B,main,PS1BCrematogaster_auberti2Eye,Crematogaster_auberti,2,0.179,0.945,0.688,0.712
684,PS1,B,main,PS1BCrematogaster_auberti3Eye,Crematogaster_auberti,3,0.221,0.976,0.754,0.809
684,PS1,B,main,PS1BMessor_barbarus1Eye,Messor_barbarus,1,0.224,1.349,1.319,1.239
684,PS1,B,main,PS1BMessor_barbarus2Eye,Messor_barbarus,2,0.259,1.398,1.257,1.311
684,PS1,B,main,PS1BMessor_barbarus3Eye,Messor_barbarus,3,0.257,1.394,1.266,1.415
684,PS1,B,main,PS1BTapinoma_madeirense1Eye,Tapinoma_madeirense,1,0.155,0.584,0.556,0.648
684,PS1,B,main,PS1BTapinoma_madeirense2Eye,Tapinoma_madeirense,2,0.157,0.542,0.528,0.544
684,PS1,B,main,PS1BTapinoma_madeirense3Eye,Tapinoma_madeirense,3,0.141,0.63,0.627,0.692
684,PS1,B,main,PS1BTemnothorax_alfacarensis1Eye,Temnothorax_alfacarensis,1,0.096,0.415,0.336,0.413
684,PS1,B,main,PS1BTemnothorax_alfacarensis2Eye,Temnothorax_alfacarensis,2,0.095,0.465,0.382,0.458
684,PS1,B,main,PS1BTetramorium_caespitum1Eye,Tetramorium_caespitum,1,0.131,0.729,0.467,0.529
684,PS1,B,main,PS1BTetramorium_caespitum2Eye,Tetramorium_caespitum,2,0.11,0.666,0.443,0.443
684,PS1,B,main,PS1BTetramorium_caespitum3Eye,Tetramorium_caespitum,3,0.093,0.621,0.418,0.415
684,PS1,B,main,PS1BTetramorium_forte1Eye,Tetramorium_forte,1,0.106,0.781,0.538,0.589
684,PS1,C,main,PS1CAphaenogaster_iberica1Eye,Aphaenogaster_iberica,1,0.176,1.016,1.774,1.591
684,PS1,C,main,PS1CAphaenogaster_iberica2Eye,Aphaenogaster_iberica,2,0.169,1.082,2.076,1.651
684,PS1,C,main,PS1CAphaenogaster_iberica3Eye,Aphaenogaster_iberica,3,0.212,1.089,1.782,1.726
684,PS1,C,main,PS1CCamponotus_foreli1Eye,Camponotus_foreli,1,0.254,0.926,1.637,1.520
684,PS1,C,main,PS1CCamponotus_foreli2Eye,Camponotus_foreli,2,0.299,0.985,1.761,1.591
684,PS1,C,main,PS1CCamponotus_foreli3Eye,Camponotus_foreli,3,0.264,0.993,1.728,1.645
684,PS1,C,main,PS1CCataglyphis_iberica1Eye,Cataglyphis_iberica,1,0.292,1.1,1.818,1.440
684,PS1,C,main,PS1CCataglyphis_iberica2Eye,Cataglyphis_iberica,2,0.34,1.368,2.297,1.259
684,PS1,C,main,PS1CCataglyphis_iberica3Eye,Cataglyphis_iberica,3,0.425,1.475,2.265,1.655
684,PS1,C,main,PS1CCrematogaster_auberti1Eye,Crematogaster_auberti,1,0.204,0.909,0.661,0.595
684,PS1,C,main,PS1CCrematogaster_auberti2Eye,Crematogaster_auberti,2,0.201,1.101,0.809,0.725
684,PS1,C,main,PS1CCrematogaster_auberti3Eye,Crematogaster_auberti,3,0.208,1.095,0.816,0.795
684,PS1,C,main,PS1CMessor_barbarus1Eye,Messor_barbarus,1,0.239,1.208,1.289,1.178
684,PS1,C,main,PS1CMessor_barbarus2Eye,Messor_barbarus,2,0.239,1.111,1.171,1.049
684,PS1,C,main,PS1CMessor_barbarus3Eye,Messor_barbarus,3,0.282,2.254,1.893,1.790
684,PS1,C,main,PS1CMessor_bouvieri1Eye,Messor_bouvieri,1,0.225,1.323,1.174,1.136
684,PS1,C,main,PS1CMessor_bouvieri2Eye,Messor_bouvieri,2,0.201,1.095,1.006,0.917
684,PS1,C,main,PS1CMessor_bouvieri3Eye,Messor_bouvieri,3,0.197,1.407,1.305,1.142
684,PS1,C,main,PS1CTapinoma_madeirense1Eye,Tapinoma_madeirense,1,0.116,0.512,0.533,0.551
684,PS1,C,main,PS1CTapinoma_madeirense2Eye,Tapinoma_madeirense,2,0.132,0.59,0.626,0.653
684,PS1,C,main,PS1CTapinoma_madeirense3Eye,Tapinoma_madeirense,3,0.119,0.557,0.557,0.610
684,PS1,C,main,PS1CTemnothorax_alfacarensis1Eye,Temnothorax_alfacarensis,1,0.094,0.527,0.475,0.479
684,PS1,C,main,PS1CTemnothorax_alfacarensis2Eye,Temnothorax_alfacarensis,2,0.115,0.512,0.425,0.454
684,PS1,C,main,PS1CTetramorium_caespitum1Eye,Tetramorium_caespitum,1,0.1,0.553,0.417,0.423
684,PS1,C,main,PS1CTetramorium_caespitum2Eye,Tetramorium_caespitum,2,0.108,0.588,0.379,0.429
684,PS1,C,main,PS1CTetramorium_caespitum3Eye,Tetramorium_caespitum,3,0.106,0.649,0.417,0.419
1044,PS3,A,main,PS3AAphaenogaster_iberica1Eye,Aphaenogaster_iberica,1,0.21,0.985,1.888,1.583
1044,PS3,A,main,PS3AAphaenogaster_iberica2Eye,Aphaenogaster_iberica,2,0.195,1.122,1.968,1.727
1044,PS3,A,main,PS3AAphaenogaster_iberica3Eye,Aphaenogaster_iberica,3,0.221,1.096,2.094,1.648
1044,PS3,A,main,PS3ACataglyphis_iberica1Eye,Cataglyphis_iberica,1,0.352,1.544,2.294,1.784
1044,PS3,A,main,PS3ACataglyphis_iberica2Eye,Cataglyphis_iberica,2,0.312,1.271,2.154,1.290
1044,PS3,A,main,PS3ACataglyphis_iberica3Eye,Cataglyphis_iberica,3,0.303,1.529,2.349,1.684
1044,PS3,A,main,PS3AFormica_rufibarbis1Eye,Formica_rufibarbis,1,0.346,1.31,1.73,1.346
1044,PS3,A,main,PS3AFormica_rufibarbis2Eye,Formica_rufibarbis,2,0.323,1.395,1.545,1.547
1044,PS3,A,main,PS3AFormica_rufibarbis3Eye,Formica_rufibarbis,3,0.345,1.408,1.737,1.336
1044,PS3,A,main,PS3AIberoformica_subrufa1Eye,Iberoformica_subrufa,1,0.408,1.329,1.849,1.624
1044,PS3,A,main,PS3AIberoformica_subrufa2Eye,Iberoformica_subrufa,2,0.294,1.147,1.654,1.263
1044,PS3,A,main,PS3AIberoformica_subrufa3Eye,Iberoformica_subrufa,3,0.305,1.116,1.698,1.388
1044,PS3,A,main,PS3AMessor_barbarus1Eye,Messor_barbarus,1,0.268,1.564,1.508,1.416
1044,PS3,A,main,PS3AMessor_barbarus2Eye,Messor_barbarus,2,0.212,1.349,1.281,1.153
1044,PS3,A,main,PS3AMessor_barbarus3Eye,Messor_barbarus,3,0.167,1.231,1.271,1.183
1044,PS3,A,main,PS3AMessor_bouvieri1Eye,Messor_bouvieri,1,0.286,1.364,1.26,1.214
1044,PS3,A,main,PS3ATapinoma_erraticum1Eye,Tapinoma_erraticum,1,0.122,0.582,0.532,0.618
1044,PS3,A,main,PS3ATapinoma_erraticum2Eye,Tapinoma_erraticum,2,0.222,1.227,1.108,1.083
1044,PS3,A,main,PS3ATapinoma_erraticum3Eye,Tapinoma_erraticum,3,0.151,0.819,0.858,0.729
1044,PS3,A,main,PS3ATapinoma_madeirense1Eye,Tapinoma_madeirense,1,0.134,0.674,0.672,0.685
1044,PS3,A,main,PS3ATapinoma_madeirense2Eye,Tapinoma_madeirense,2,0.131,0.657,0.646,0.658
1044,PS3,A,main,PS3ATapinoma_madeirense3Eye,Tapinoma_madeirense,3,0.143,0.692,0.684,0.639
1044,PS3,A,main,PS3ATapinoma_nigerrimum1Eye,Tapinoma_nigerrimum,1,0.234,1.212,1.12,1.129
1044,PS3,A,main,PS3ATetramorium_forte1Eye,Tetramorium_forte,1,0.106,0.774,0.59,0.525
1044,PS3,A,main,PS3ATetramorium_forte2Eye,Tetramorium_forte,2,0.094,0.745,0.584,0.541
1044,PS3,A,main,PS3ATetramorium_forte3Eye,Tetramorium_forte,3,0.124,0.751,0.598,0.483
1044,PS3,B,main,PS3BAphaenogaster_iberica1Eye,Aphaenogaster_iberica,1,0.193,1.188,2.042,1.367
1044,PS3,B,main,PS3BAphaenogaster_iberica2Eye,Aphaenogaster_iberica,2,0.19,0.889,1.72,1.492
1044,PS3,B,main,PS3BAphaenogaster_iberica3Eye,Aphaenogaster_iberica,3,0.223,1.095,1.844,1.807
1044,PS3,B,main,PS3BCamponotus_aethiops1Eye,Camponotus_aethiops,1,0.378,1.234,2.014,1.850
1044,PS3,B,main,PS3BCataglyphis_iberica1Eye,Cataglyphis_iberica,1,0.303,1.34,1.899,1.479
1044,PS3,B,main,PS3BCataglyphis_iberica2Eye,Cataglyphis_iberica,2,0.386,1.481,2.284,1.911
1044,PS3,B,main,PS3BCataglyphis_iberica3Eye,Cataglyphis_iberica,3,0.385,1.398,2.217,1.655
1044,PS3,B,main,PS3BFormica_cunicularia1Eye,Formica_cunicularia,1,0.276,1.114,1.433,1.078
1044,PS3,B,main,PS3BFormica_cunicularia2Eye,Formica_cunicularia,2,0.291,1.061,1.493,1.259
1044,PS3,B,main,PS3BFormica_cunicularia3Eye,Formica_cunicularia,3,0.299,1.05,1.339,1.232
1044,PS3,B,main,PS3BFormica_rufibarbis1Eye,Formica_rufibarbis,1,0.29,1.145,1.514,1.352
1044,PS3,B,main,PS3BFormica_rufibarbis2Eye,Formica_rufibarbis,2,0.289,1.088,1.543,1.269
1044,PS3,B,main,PS3BFormica_rufibarbis3Eye,Formica_rufibarbis,3,0.315,1.12,1.595,1.462
1044,PS3,B,main,PS3BMessor_barbarus1Eye,Messor_barbarus,1,0.222,1.661,1.504,1.689
1044,PS3,B,main,PS3BMessor_barbarus2Eye,Messor_barbarus,2,0.238,1.366,1.359,1.137
1044,PS3,B,main,PS3BMessor_barbarus3Eye,Messor_barbarus,3,0.193,1.41,1.254,1.453
1044,PS3,B,main,PS3BMessor_capitatus1Eye,Messor_capitatus,1,0.322,2.063,1.784,1.771
1044,PS3,B,main,PS3BMessor_capitatus2Eye,Messor_capitatus,2,0.37,3.435,2.405,2.275
1044,PS3,B,main,PS3BMessor_capitatus3Eye,Messor_capitatus,3,0.192,1.639,1.51,1.343
1044,PS3,B,main,PS3BTapinoma_madeirense1Eye,Tapinoma_madeirense,1,0.17,0.575,0.506,0.620
1044,PS3,B,main,PS3BTetramorium_forte1Eye,Tetramorium_forte,1,0.088,0.725,0.503,0.526
1044,PS3,B,main,PS3BTetramorium_forte2Eye,Tetramorium_forte,2,0.1,0.737,0.463,0.490
1044,PS3,B,main,PS3BTetramorium_forte3Eye,Tetramorium_forte,3,0.112,0.791,0.603,0.652
1044,PS3,C,main,PS3CAphaenogaster_iberica1Eye,Aphaenogaster_iberica,1,0.213,1.079,2.004,1.784
1044,PS3,C,main,PS3CAphaenogaster_iberica2Eye,Aphaenogaster_iberica,2,0.228,1.24,1.996,1.850
1044,PS3,C,main,PS3CAphaenogaster_iberica3Eye,Aphaenogaster_iberica,3,0.185,1.143,1.887,1.760
1044,PS3,C,main,PS3CCamponotus_aethiops1Eye,Camponotus_aethiops,1,0.447,2.404,2.555,1.850
1044,PS3,C,main,PS3CCamponotus_aethiops2Eye,Camponotus_aethiops,2,0.317,1.084,1.853,1.614
1044,PS3,C,main,PS3CCataglyphis_iberica1Eye,Cataglyphis_iberica,1,0.342,1.469,2.508,1.812
1044,PS3,C,main,PS3CCataglyphis_iberica2Eye,Cataglyphis_iberica,2,0.372,1.57,2.564,1.944
1044,PS3,C,main,PS3CCataglyphis_iberica3Eye,Cataglyphis_iberica,3,0.382,1.47,2.322,1.754
1044,PS3,C,main,PS3CFormica_cunicularia1Eye,Formica_cunicularia,1,0.267,1.004,1.293,1.168
1044,PS3,C,main,PS3CFormica_cunicularia2Eye,Formica_cunicularia,2,0.327,1.119,1.54,1.364
1044,PS3,C,main,PS3CFormica_cunicularia3Eye,Formica_cunicularia,3,0.317,1.092,1.489,1.286
1044,PS3,C,main,PS3CFormica_rufibarbis1Eye,Formica_rufibarbis,1,0.304,1.268,1.458,1.427
1044,PS3,C,main,PS3CFormica_rufibarbis2Eye,Formica_rufibarbis,2,0.309,1.096,1.453,1.267
1044,PS3,C,main,PS3CFormica_rufibarbis3Eye,Formica_rufibarbis,3,0.255,1.068,1.39,1.251
1044,PS3,C,main,PS3CMessor_barbarus1Eye,Messor_barbarus,1,0.224,1.257,1.334,1.290
1044,PS3,C,main,PS3CMessor_barbarus2Eye,Messor_barbarus,2,0.256,1.214,1.264,1.127
1044,PS3,C,main,PS3CMessor_barbarus3Eye,Messor_barbarus,3,0.249,1.848,1.741,1.590
1044,PS3,C,main,PS3CMessor_capitatus1Eye,Messor_capitatus,1,0.197,1.327,1.343,1.288
1044,PS3,C,main,PS3CMessor_capitatus2Eye,Messor_capitatus,2,0.265,1.265,1.378,1.257
1044,PS3,C,main,PS3CTapinoma_madeirense1Eye,Tapinoma_madeirense,1,0.152,0.714,0.728,0.714
1044,PS3,C,main,PS3CTapinoma_madeirense2Eye,Tapinoma_madeirense,2,0.16,0.693,0.709,0.731
1044,PS3,C,main,PS3CTapinoma_madeirense3Eye,Tapinoma_madeirense,3,0.121,0.655,0.566,0.717
1044,PS3,C,main,PS3CTemnothorax_alfacarensis1Eye,Temnothorax_alfacarensis,1,0.105,0.46,0.391,0.440
1044,PS3,C,main,PS3CTetramorium_forte1Eye,Tetramorium_forte,1,0.09,0.751,0.52,0.604
1044,PS3,C,main,PS3CTetramorium_forte2Eye,Tetramorium_forte,2,0.106,0.715,0.525,0.537
1044,PS3,C,main,PS3CTetramorium_forte3Eye,Tetramorium_forte,3,0.13,0.826,0.596,0.583
2026,PS8,A,main,PS8AFormica_dusmeti1Eye,Formica_dusmeti,1,0.29,1.63,2.405,1.658
2026,PS8,A,main,PS8AFormica_fusca1Eye,Formica_fusca,1,0.31,1.157,1.594,1.438
2026,PS8,A,main,PS8AFormica_fusca2Eye,Formica_fusca,2,0.291,1.051,1.38,1.284
2026,PS8,A,main,PS8AFormica_fusca3Eye,Formica_fusca,3,0.285,1.058,1.423,1.239
2026,PS8,A,main,PS8ALasius_piliferus1Eye,Lasius_piliferus,1,0.163,0.848,0.82,0.742
2026,PS8,A,main,PS8ALasius_piliferus2Eye,Lasius_piliferus,2,0.129,0.865,0.847,0.794
2026,PS8,A,main,PS8ALasius_piliferus3Eye,Lasius_piliferus,3,0.15,0.773,0.638,0.661
2026,PS8,A,main,PS8AMyrmica_aloba1Eye,Myrmica_aloba,1,0.145,0.973,0.733,0.757
2026,PS8,A,main,PS8AMyrmica_aloba2Eye,Myrmica_aloba,2,0.19,1.013,0.791,0.814
2026,PS8,A,main,PS8ATetramorium_caespitum1Eye,Tetramorium_caespitum,1,0.115,0.697,0.528,0.494
2026,PS8,A,main,PS8ATetramorium_caespitum2Eye,Tetramorium_caespitum,2,0.119,0.771,0.525,0.352
2026,PS8,A,main,PS8ATetramorium_caespitum3Eye,Tetramorium_caespitum,3,0.095,0.718,0.461,0.508
2026,PS8,B,main,PS8BFormica_fusca1Eye,Formica_fusca,1,0.341,1.441,1.882,1.314
2026,PS8,B,main,PS8BFormica_fusca2Eye,Formica_fusca,2,0.311,1.102,1.306,1.138
2026,PS8,B,main,PS8BFormica_fusca3Eye,Formica_fusca,3,0.341,1.377,1.688,1.567
2026,PS8,B,main,PS8BFormica_rufibarbis1Eye,Formica_rufibarbis,1,0.317,1.218,1.646,1.506
2026,PS8,B,main,PS8BFormica_rufibarbis2Eye,Formica_rufibarbis,2,0.344,1.45,1.926,1.584
2026,PS8,B,main,PS8BFormica_rufibarbis3Eye,Formica_rufibarbis,3,0.353,1.274,1.74,1.087
2026,PS8,B,main,PS8BLasius_piliferus1Eye,Lasius_piliferus,1,0.113,0.645,0.632,0.581
2026,PS8,B,main,PS8BLasius_piliferus2Eye,Lasius_piliferus,2,0.154,0.741,0.723,0.722
2026,PS8,B,main,PS8BTemnothorax_tuberum1Eye,Temnothorax_tuberum,1,0.107,0.564,0.389,0.468
2026,PS8,B,main,PS8BTetramorium_caespitum1Eye,Tetramorium_caespitum,1,0.09,0.621,0.407,0.448
2026,PS8,B,main,PS8BTetramorium_caespitum2Eye,Tetramorium_caespitum,2,0.117,0.715,0.518,0.518
2026,PS8,B,main,PS8BTetramorium_caespitum3Eye,Tetramorium_caespitum,3,0.115,0.689,0.532,0.628
2026,PS8,C,main,PS8CFormica_fusca1Eye,Formica_fusca,1,0.322,1.274,1.581,1.097
2026,PS8,C,main,PS8CFormica_fusca2Eye,Formica_fusca,2,0.291,1.12,1.555,1.308
2026,PS8,C,main,PS8CFormica_fusca3Eye,Formica_fusca,3,0.323,1.162,1.49,0.871
2026,PS8,C,main,PS8CFormica_rufibarbis1Eye,Formica_rufibarbis,1,0.329,1.477,1.896,1.363
2026,PS8,C,main,PS8CFormica_rufibarbis2Eye,Formica_rufibarbis,2,0.31,1.381,1.959,1.541
2026,PS8,C,main,PS8CFormica_rufibarbis3Eye,Formica_rufibarbis,3,0.343,1.494,1.852,1.196
2026,PS8,C,main,PS8CLasius_piliferus1Eye,Lasius_piliferus,1,0.11,0.764,0.816,0.750
2026,PS8,C,main,PS8CLasius_piliferus2Eye,Lasius_piliferus,2,0.118,0.716,0.68,0.723
2026,PS8,C,main,PS8CLasius_piliferus3Eye,Lasius_piliferus,3,0.153,0.763,0.748,0.713
2026,PS8,C,main,PS8CTetramorium_caespitum1Eye,Tetramorium_caespitum,1,0.091,0.682,0.483,0.489
2026,PS8,C,main,PS8CTetramorium_caespitum2Eye,Tetramorium_caespitum,2,0.109,0.641,0.479,0.481
2026,PS8,C,main,PS8CTetramorium_caespitum3Eye,Tetramorium_caespitum,3,0.088,0.584,0.451,0.485
,,,,,,,,,,
,,,,,,,,,,
,,,,,,,,,,
,,,,,,,,,,
,,,,,,,,,,
,,,,,,,,,,
,,,,,,,,,,
,,,,,,,,,,
,,,,,,,,,,
,,,,,,,,,,
,,,,,,,,,,
,,,,,,,,,,
,,,,,,,,,,